500;0;0;0x0000;Timeout error
501;0;0;0x0000;Timeout error
502;0;0;0x0000;Timeout error
503;0;0;0x0000;Timeout error
504;0;0;0x0000;Timeout error
505;0;0;0x0000;Timeout error
506;0;0;0x0000;Timeout error
507;0;0;0x0000;Timeout error
508;0;0;0x0000;Timeout error
509;0;0;0x0000;Timeout error
510;0;0;0x0000;Timeout error
511;0;0;0x0000;Timeout error
512;0;0;0x0000;Timeout error
513;0;0;0x0000;Timeout error
514;0;0;0x0000;Timeout error
515;0;0;0x0000;Timeout error
516;0;0;0x0000;Timeout error
517;0;0;0x0000;Timeout error
518;0;0;0x0000;Timeout error
519;0;0;0x0000;Timeout error
520;0;0;0x0000;Timeout error
521;0;0;0x0000;Timeout error
522;0;0;0x0000;Timeout error
523;0;0;0x0000;Timeout error
524;0;0;0x0000;Timeout error
525;0;0;0x0000;Timeout error
526;0;0;0x0000;Timeout error
527;0;0;0x0000;Timeout error
528;0;0;0x0000;Timeout error
529;0;0;0x0000;Timeout error
530;0;0;0x0000;Timeout error
531;0;0;0x0000;Timeout error
532;0;0;0x0000;Timeout error
533;0;0;0x0000;Timeout error
534;0;0;0x0000;Timeout error
535;0;0;0x0000;Timeout error
536;0;0;0x0000;Timeout error
537;0;0;0x0000;Timeout error
538;0;0;0x0000;Timeout error
539;0;0;0x0000;Timeout error
540;0;0;0x0000;Timeout error
541;0;0;0x0000;Timeout error
542;0;0;0x0000;Timeout error
543;0;0;0x0000;Timeout error
544;0;0;0x0000;Timeout error
545;0;0;0x0000;Timeout error
546;0;0;0x0000;Timeout error
547;0;0;0x0000;Timeout error
548;0;0;0x0000;Timeout error
549;0;0;0x0000;Timeout error
550;0;0;0x0000;Timeout error
551;0;0;0x0000;Timeout error
552;0;0;0x0000;Timeout error
553;0;0;0x0000;Timeout error
554;0;0;0x0000;Timeout error
555;0;0;0x0000;Timeout error
556;0;0;0x0000;Timeout error
557;0;0;0x0000;Timeout error
558;0;0;0x0000;Timeout error
559;0;0;0x0000;Timeout error
560;0;0;0x0000;Timeout error
561;0;0;0x0000;Timeout error
562;0;0;0x0000;Timeout error
563;0;0;0x0000;Timeout error
564;0;0;0x0000;Timeout error
565;0;0;0x0000;Timeout error
566;0;0;0x0000;Timeout error
567;0;0;0x0000;Timeout error
568;0;0;0x0000;Timeout error
569;0;0;0x0000;Timeout error
570;0;0;0x0000;Timeout error
571;0;0;0x0000;Timeout error
572;0;0;0x0000;Timeout error
573;0;0;0x0000;Timeout error
574;0;0;0x0000;Timeout error
575;0;0;0x0000;Timeout error
576;0;0;0x0000;Timeout error
577;0;0;0x0000;Timeout error
578;0;0;0x0000;Timeout error
579;0;0;0x0000;Timeout error
580;0;0;0x0000;Timeout error
581;0;0;0x0000;Timeout error
582;0;0;0x0000;Timeout error
583;0;0;0x0000;Timeout error
584;0;0;0x0000;Timeout error
585;0;0;0x0000;Timeout error
586;0;0;0x0000;Timeout error
587;0;0;0x0000;Timeout error
588;0;0;0x0000;Timeout error
589;0;0;0x0000;Timeout error
590;0;0;0x0000;Timeout error
591;0;0;0x0000;Timeout error
592;0;0;0x0000;Timeout error
593;0;0;0x0000;Timeout error
594;0;0;0x0000;Timeout error
595;0;0;0x0000;Timeout error
596;0;0;0x0000;Timeout error
597;0;0;0x0000;Timeout error
598;0;0;0x0000;Timeout error
599;0;0;0x0000;Timeout error
600;0;0;0x0000;Timeout error
601;0;0;0x0000;Timeout error
602;0;0;0x0000;Timeout error
603;0;0;0x0000;Timeout error
604;0;0;0x0000;Timeout error
605;0;0;0x0000;Timeout error
606;0;0;0x0000;Timeout error
607;0;0;0x0000;Timeout error
608;0;0;0x0000;Timeout error
609;0;0;0x0000;Timeout error
610;0;0;0x0000;Timeout error
611;0;0;0x0000;Timeout error
612;0;0;0x0000;Timeout error
613;0;0;0x0000;Timeout error
614;0;0;0x0000;Timeout error
615;0;0;0x0000;Timeout error
616;0;0;0x0000;Timeout error
617;0;0;0x0000;Timeout error
618;0;0;0x0000;Timeout error
619;0;0;0x0000;Timeout error
620;0;0;0x0000;Timeout error
621;0;0;0x0000;Timeout error
622;0;0;0x0000;Timeout error
623;0;0;0x0000;Timeout error
624;0;0;0x0000;Timeout error
625;0;0;0x0000;Timeout error
626;0;0;0x0000;Timeout error
627;0;0;0x0000;Timeout error
628;0;0;0x0000;Timeout error
629;0;0;0x0000;Timeout error
630;0;0;0x0000;Timeout error
631;0;0;0x0000;Timeout error
632;0;0;0x0000;Timeout error
633;0;0;0x0000;Timeout error
634;0;0;0x0000;Timeout error
635;0;0;0x0000;Timeout error
636;0;0;0x0000;Timeout error
637;0;0;0x0000;Timeout error
638;0;0;0x0000;Timeout error
639;0;0;0x0000;Timeout error
640;0;0;0x0000;Timeout error
641;0;0;0x0000;Timeout error
642;0;0;0x0000;Timeout error
643;0;0;0x0000;Timeout error
644;0;0;0x0000;Timeout error
645;0;0;0x0000;Timeout error
646;0;0;0x0000;Timeout error
647;0;0;0x0000;Timeout error
648;0;0;0x0000;Timeout error
649;0;0;0x0000;Timeout error
650;0;0;0x0000;Timeout error
651;0;0;0x0000;Timeout error
652;0;0;0x0000;Timeout error
653;0;0;0x0000;Timeout error
654;0;0;0x0000;Timeout error
655;0;0;0x0000;Timeout error
656;0;0;0x0000;Timeout error
657;0;0;0x0000;Timeout error
658;0;0;0x0000;Timeout error
659;0;0;0x0000;Timeout error
660;0;0;0x0000;Timeout error
661;0;0;0x0000;Timeout error
662;0;0;0x0000;Timeout error
663;0;0;0x0000;Timeout error
664;0;0;0x0000;Timeout error
665;0;0;0x0000;Timeout error
666;0;0;0x0000;Timeout error
667;0;0;0x0000;Timeout error
668;0;0;0x0000;Timeout error
669;0;0;0x0000;Timeout error
670;0;0;0x0000;Timeout error
671;0;0;0x0000;Timeout error
672;0;0;0x0000;Timeout error
673;0;0;0x0000;Timeout error
674;0;0;0x0000;Timeout error
675;0;0;0x0000;Timeout error
676;0;0;0x0000;Timeout error
677;0;0;0x0000;Timeout error
678;0;0;0x0000;Timeout error
679;0;0;0x0000;Timeout error
680;0;0;0x0000;Timeout error
681;0;0;0x0000;Timeout error
682;0;0;0x0000;Timeout error
683;0;0;0x0000;Timeout error
684;0;0;0x0000;Timeout error
685;0;0;0x0000;Timeout error
686;0;0;0x0000;Timeout error
687;0;0;0x0000;Timeout error
688;0;0;0x0000;Timeout error
689;0;0;0x0000;Timeout error
690;0;0;0x0000;Timeout error
691;0;0;0x0000;Timeout error
692;0;0;0x0000;Timeout error
693;0;0;0x0000;Timeout error
694;0;0;0x0000;Timeout error
695;0;0;0x0000;Timeout error
696;0;0;0x0000;Timeout error
697;0;0;0x0000;Timeout error
698;0;0;0x0000;Timeout error
699;0;0;0x0000;Timeout error
700;0;0;0x0000;Timeout error
701;0;0;0x0000;Timeout error
702;0;0;0x0000;Timeout error
703;0;0;0x0000;Timeout error
704;0;0;0x0000;Timeout error
705;0;0;0x0000;Timeout error
706;0;0;0x0000;Timeout error
707;0;0;0x0000;Timeout error
708;0;0;0x0000;Timeout error
709;0;0;0x0000;Timeout error
710;0;0;0x0000;Timeout error
711;0;0;0x0000;Timeout error
712;0;0;0x0000;Timeout error
713;0;0;0x0000;Timeout error
714;0;0;0x0000;Timeout error
715;0;0;0x0000;Timeout error
716;0;0;0x0000;Timeout error
717;0;0;0x0000;Timeout error
718;0;0;0x0000;Timeout error
719;0;0;0x0000;Timeout error
720;0;0;0x0000;Timeout error
721;0;0;0x0000;Timeout error
722;0;0;0x0000;Timeout error
723;0;0;0x0000;Timeout error
724;0;0;0x0000;Timeout error
725;0;0;0x0000;Timeout error
726;0;0;0x0000;Timeout error
727;0;0;0x0000;Timeout error
728;0;0;0x0000;Timeout error
729;0;0;0x0000;Timeout error
730;0;0;0x0000;Timeout error
731;0;0;0x0000;Timeout error
732;0;0;0x0000;Timeout error
733;0;0;0x0000;Timeout error
734;0;0;0x0000;Timeout error
735;0;0;0x0000;Timeout error
736;0;0;0x0000;Timeout error
737;0;0;0x0000;Timeout error
738;0;0;0x0000;Timeout error
739;0;0;0x0000;Timeout error
740;0;0;0x0000;Timeout error
741;0;0;0x0000;Timeout error
742;0;0;0x0000;Timeout error
743;0;0;0x0000;Timeout error
744;0;0;0x0000;Timeout error
745;0;0;0x0000;Timeout error
746;0;0;0x0000;Timeout error
747;0;0;0x0000;Timeout error
748;0;0;0x0000;Timeout error
749;0;0;0x0000;Timeout error
750;0;0;0x0000;Timeout error
751;0;0;0x0000;Timeout error
752;0;0;0x0000;Timeout error
753;0;0;0x0000;Timeout error
754;0;0;0x0000;Timeout error
755;0;0;0x0000;Timeout error
756;0;0;0x0000;Timeout error
757;0;0;0x0000;Timeout error
758;0;0;0x0000;Timeout error
759;0;0;0x0000;Timeout error
760;0;0;0x0000;Timeout error
761;0;0;0x0000;Timeout error
762;0;0;0x0000;Timeout error
763;0;0;0x0000;Timeout error
764;0;0;0x0000;Timeout error
765;0;0;0x0000;Timeout error
766;0;0;0x0000;Timeout error
767;0;0;0x0000;Timeout error
768;0;0;0x0000;Timeout error
769;0;0;0x0000;Timeout error
770;0;0;0x0000;Timeout error
771;0;0;0x0000;Timeout error
772;0;0;0x0000;Timeout error
773;0;0;0x0000;Timeout error
774;0;0;0x0000;Timeout error
775;0;0;0x0000;Timeout error
776;0;0;0x0000;Timeout error
777;0;0;0x0000;Timeout error
778;0;0;0x0000;Timeout error
779;0;0;0x0000;Timeout error
780;0;0;0x0000;Timeout error
781;0;0;0x0000;Timeout error
782;0;0;0x0000;Timeout error
783;0;0;0x0000;Timeout error
784;0;0;0x0000;Timeout error
785;0;0;0x0000;Timeout error
786;0;0;0x0000;Timeout error
787;0;0;0x0000;Timeout error
788;0;0;0x0000;Timeout error
789;0;0;0x0000;Timeout error
790;0;0;0x0000;Timeout error
791;0;0;0x0000;Timeout error
792;0;0;0x0000;Timeout error
793;0;0;0x0000;Timeout error
794;0;0;0x0000;Timeout error
795;0;0;0x0000;Timeout error
796;0;0;0x0000;Timeout error
797;0;0;0x0000;Timeout error
798;0;0;0x0000;Timeout error
799;0;0;0x0000;Timeout error
800;0;0;0x0000;Timeout error
801;0;0;0x0000;Timeout error
802;0;0;0x0000;Timeout error
803;0;0;0x0000;Timeout error
804;0;0;0x0000;Timeout error
805;0;0;0x0000;Timeout error
806;0;0;0x0000;Timeout error
807;0;0;0x0000;Timeout error
808;0;0;0x0000;Timeout error
809;0;0;0x0000;Timeout error
810;0;0;0x0000;Timeout error
811;0;0;0x0000;Timeout error
812;0;0;0x0000;Timeout error
813;0;0;0x0000;Timeout error
814;0;0;0x0000;Timeout error
815;0;0;0x0000;Timeout error
816;0;0;0x0000;Timeout error
817;0;0;0x0000;Timeout error
818;0;0;0x0000;Timeout error
819;0;0;0x0000;Timeout error
820;0;0;0x0000;Timeout error
821;0;0;0x0000;Timeout error
822;0;0;0x0000;Timeout error
823;0;0;0x0000;Timeout error
824;0;0;0x0000;Timeout error
825;0;0;0x0000;Timeout error
826;0;0;0x0000;Timeout error
827;0;0;0x0000;Timeout error
828;0;0;0x0000;Timeout error
829;0;0;0x0000;Timeout error
830;0;0;0x0000;Timeout error
831;0;0;0x0000;Timeout error
832;0;0;0x0000;Timeout error
833;0;0;0x0000;Timeout error
834;0;0;0x0000;Timeout error
835;0;0;0x0000;Timeout error
836;0;0;0x0000;Timeout error
837;0;0;0x0000;Timeout error
838;0;0;0x0000;Timeout error
839;0;0;0x0000;Timeout error
840;0;0;0x0000;Timeout error
841;0;0;0x0000;Timeout error
842;0;0;0x0000;Timeout error
843;0;0;0x0000;Timeout error
844;0;0;0x0000;Timeout error
845;0;0;0x0000;Timeout error
846;0;0;0x0000;Timeout error
847;0;0;0x0000;Timeout error
848;0;0;0x0000;Timeout error
849;0;0;0x0000;Timeout error
850;0;0;0x0000;Timeout error
851;0;0;0x0000;Timeout error
852;0;0;0x0000;Timeout error
853;0;0;0x0000;Timeout error
854;0;0;0x0000;Timeout error
855;0;0;0x0000;Timeout error
856;0;0;0x0000;Timeout error
857;0;0;0x0000;Timeout error
858;0;0;0x0000;Timeout error
859;0;0;0x0000;Timeout error
860;0;0;0x0000;Timeout error
861;0;0;0x0000;Timeout error
862;0;0;0x0000;Timeout error
863;0;0;0x0000;Timeout error
864;0;0;0x0000;Timeout error
865;0;0;0x0000;Timeout error
866;0;0;0x0000;Timeout error
867;0;0;0x0000;Timeout error
868;0;0;0x0000;Timeout error
869;0;0;0x0000;Timeout error
870;0;0;0x0000;Timeout error
871;0;0;0x0000;Timeout error
872;0;0;0x0000;Timeout error
873;0;0;0x0000;Timeout error
874;0;0;0x0000;Timeout error
875;0;0;0x0000;Timeout error
876;0;0;0x0000;Timeout error
877;0;0;0x0000;Timeout error
878;0;0;0x0000;Timeout error
879;0;0;0x0000;Timeout error
880;0;0;0x0000;Timeout error
881;0;0;0x0000;Timeout error
882;0;0;0x0000;Timeout error
883;0;0;0x0000;Timeout error
884;0;0;0x0000;Timeout error
885;0;0;0x0000;Timeout error
886;0;0;0x0000;Timeout error
887;0;0;0x0000;Timeout error
888;0;0;0x0000;Timeout error
889;0;0;0x0000;Timeout error
890;0;0;0x0000;Timeout error
891;0;0;0x0000;Timeout error
892;0;0;0x0000;Timeout error
893;0;0;0x0000;Timeout error
894;0;0;0x0000;Timeout error
895;0;0;0x0000;Timeout error
896;0;0;0x0000;Timeout error
897;0;0;0x0000;Timeout error
898;0;0;0x0000;Timeout error
899;0;0;0x0000;Timeout error
900;0;0;0x0000;Timeout error
901;0;0;0x0000;Timeout error
902;0;0;0x0000;Timeout error
903;0;0;0x0000;Timeout error
904;0;0;0x0000;Timeout error
905;0;0;0x0000;Timeout error
906;0;0;0x0000;Timeout error
907;0;0;0x0000;Timeout error
908;0;0;0x0000;Timeout error
909;0;0;0x0000;Timeout error
910;0;0;0x0000;Timeout error
911;0;0;0x0000;Timeout error
912;0;0;0x0000;Timeout error
913;0;0;0x0000;Timeout error
914;0;0;0x0000;Timeout error
915;0;0;0x0000;Timeout error
916;0;0;0x0000;Timeout error
917;0;0;0x0000;Timeout error
918;0;0;0x0000;Timeout error
919;0;0;0x0000;Timeout error
920;0;0;0x0000;Timeout error
921;0;0;0x0000;Timeout error
922;0;0;0x0000;Timeout error
923;0;0;0x0000;Timeout error
924;0;0;0x0000;Timeout error
925;0;0;0x0000;Timeout error
926;0;0;0x0000;Timeout error
927;0;0;0x0000;Timeout error
928;0;0;0x0000;Timeout error
929;0;0;0x0000;Timeout error
930;0;0;0x0000;Timeout error
931;0;0;0x0000;Timeout error
932;0;0;0x0000;Timeout error
933;0;0;0x0000;Timeout error
934;0;0;0x0000;Timeout error
935;0;0;0x0000;Timeout error
936;0;0;0x0000;Timeout error
937;0;0;0x0000;Timeout error
938;0;0;0x0000;Timeout error
939;0;0;0x0000;Timeout error
940;0;0;0x0000;Timeout error
941;0;0;0x0000;Timeout error
942;0;0;0x0000;Timeout error
943;0;0;0x0000;Timeout error
944;0;0;0x0000;Timeout error
945;0;0;0x0000;Timeout error
946;0;0;0x0000;Timeout error
947;0;0;0x0000;Timeout error
948;0;0;0x0000;Timeout error
949;0;0;0x0000;Timeout error
950;0;0;0x0000;Timeout error
951;0;0;0x0000;Timeout error
952;0;0;0x0000;Timeout error
953;0;0;0x0000;Timeout error
954;0;0;0x0000;Timeout error
955;0;0;0x0000;Timeout error
956;0;0;0x0000;Timeout error
957;0;0;0x0000;Timeout error
958;0;0;0x0000;Timeout error
959;0;0;0x0000;Timeout error
960;0;0;0x0000;Timeout error
961;0;0;0x0000;Timeout error
962;0;0;0x0000;Timeout error
963;0;0;0x0000;Timeout error
964;0;0;0x0000;Timeout error
965;0;0;0x0000;Timeout error
966;0;0;0x0000;Timeout error
967;0;0;0x0000;Timeout error
968;0;0;0x0000;Timeout error
969;0;0;0x0000;Timeout error
970;0;0;0x0000;Timeout error
971;0;0;0x0000;Timeout error
972;0;0;0x0000;Timeout error
973;0;0;0x0000;Timeout error
974;0;0;0x0000;Timeout error
975;0;0;0x0000;Timeout error
976;0;0;0x0000;Timeout error
977;0;0;0x0000;Timeout error
978;0;0;0x0000;Timeout error
979;0;0;0x0000;Timeout error
980;0;0;0x0000;Timeout error
981;0;0;0x0000;Timeout error
982;0;0;0x0000;Timeout error
983;0;0;0x0000;Timeout error
984;0;0;0x0000;Timeout error
985;0;0;0x0000;Timeout error
986;0;0;0x0000;Timeout error
987;0;0;0x0000;Timeout error
988;0;0;0x0000;Timeout error
989;0;0;0x0000;Timeout error
990;0;0;0x0000;Timeout error
991;0;0;0x0000;Timeout error
992;0;0;0x0000;Timeout error
993;0;0;0x0000;Timeout error
994;0;0;0x0000;Timeout error
995;0;0;0x0000;Timeout error
996;0;0;0x0000;Timeout error
997;0;0;0x0000;Timeout error
998;0;0;0x0000;Timeout error
999;0;0;0x0000;Timeout error
1000;0;0;0x0000;Timeout error
1001;0;0;0x0000;Timeout error
1002;0;0;0x0000;Timeout error
1003;0;0;0x0000;Timeout error
1004;0;0;0x0000;Timeout error
1005;0;0;0x0000;Timeout error
1006;0;0;0x0000;Timeout error
1007;0;0;0x0000;Timeout error
1008;0;0;0x0000;Timeout error
1009;0;0;0x0000;Timeout error
1010;0;0;0x0000;Timeout error
1011;0;0;0x0000;Timeout error
1012;0;0;0x0000;Timeout error
1013;0;0;0x0000;Timeout error
1014;0;0;0x0000;Timeout error
1015;0;0;0x0000;Timeout error
1016;0;0;0x0000;Timeout error
1017;0;0;0x0000;Timeout error
1018;0;0;0x0000;Timeout error
1019;0;0;0x0000;Timeout error
1020;0;0;0x0000;Timeout error
1021;0;0;0x0000;Timeout error
1022;0;0;0x0000;Timeout error
1023;0;0;0x0000;Timeout error
1024;0;0;0x0000;Timeout error
1025;0;0;0x0000;Timeout error
1026;0;0;0x0000;Timeout error
1027;0;0;0x0000;Timeout error
1028;0;0;0x0000;Timeout error
1029;0;0;0x0000;Timeout error
1030;0;0;0x0000;Timeout error
1031;0;0;0x0000;Timeout error
1032;0;0;0x0000;Timeout error
1033;0;0;0x0000;Timeout error
1034;0;0;0x0000;Timeout error
1035;0;0;0x0000;Timeout error
1036;0;0;0x0000;Timeout error
1037;0;0;0x0000;Timeout error
1038;0;0;0x0000;Timeout error
1039;0;0;0x0000;Timeout error
1040;0;0;0x0000;Timeout error
1041;0;0;0x0000;Timeout error
1042;0;0;0x0000;Timeout error
1043;0;0;0x0000;Timeout error
1044;0;0;0x0000;Timeout error
1045;0;0;0x0000;Timeout error
1046;0;0;0x0000;Timeout error
1047;0;0;0x0000;Timeout error
1048;0;0;0x0000;Timeout error
1049;0;0;0x0000;Timeout error
1050;0;0;0x0000;Timeout error
1051;0;0;0x0000;Timeout error
1052;0;0;0x0000;Timeout error
1053;0;0;0x0000;Timeout error
1054;0;0;0x0000;Timeout error
1055;0;0;0x0000;Timeout error
1056;0;0;0x0000;Timeout error
1057;0;0;0x0000;Timeout error
1058;0;0;0x0000;Timeout error
1059;0;0;0x0000;Timeout error
1060;0;0;0x0000;Timeout error
1061;0;0;0x0000;Timeout error
1062;0;0;0x0000;Timeout error
1063;0;0;0x0000;Timeout error
1064;0;0;0x0000;Timeout error
1065;0;0;0x0000;Timeout error
1066;0;0;0x0000;Timeout error
1067;0;0;0x0000;Timeout error
1068;0;0;0x0000;Timeout error
1069;0;0;0x0000;Timeout error
1070;0;0;0x0000;Timeout error
1071;0;0;0x0000;Timeout error
1072;0;0;0x0000;Timeout error
1073;0;0;0x0000;Timeout error
1074;0;0;0x0000;Timeout error
1075;0;0;0x0000;Timeout error
1076;0;0;0x0000;Timeout error
1077;0;0;0x0000;Timeout error
1078;0;0;0x0000;Timeout error
1079;0;0;0x0000;Timeout error
1080;0;0;0x0000;Timeout error
1081;0;0;0x0000;Timeout error
1082;0;0;0x0000;Timeout error
1083;0;0;0x0000;Timeout error
1084;0;0;0x0000;Timeout error
1085;0;0;0x0000;Timeout error
1086;0;0;0x0000;Timeout error
1087;0;0;0x0000;Timeout error
1088;0;0;0x0000;Timeout error
1089;0;0;0x0000;Timeout error
1090;0;0;0x0000;Timeout error
1091;0;0;0x0000;Timeout error
1092;0;0;0x0000;Timeout error
1093;0;0;0x0000;Timeout error
1094;0;0;0x0000;Timeout error
1095;0;0;0x0000;Timeout error
1096;0;0;0x0000;Timeout error
1097;0;0;0x0000;Timeout error
1098;0;0;0x0000;Timeout error
1099;0;0;0x0000;Timeout error
1100;0;0;0x0000;Timeout error
1101;0;0;0x0000;Timeout error
1102;0;0;0x0000;Timeout error
1103;0;0;0x0000;Timeout error
1104;0;0;0x0000;Timeout error
1105;0;0;0x0000;Timeout error
1106;0;0;0x0000;Timeout error
1107;0;0;0x0000;Timeout error
1108;0;0;0x0000;Timeout error
1109;0;0;0x0000;Timeout error
1110;0;0;0x0000;Timeout error
1111;0;0;0x0000;Timeout error
1112;0;0;0x0000;Timeout error
1113;0;0;0x0000;Timeout error
1114;0;0;0x0000;Timeout error
1115;0;0;0x0000;Timeout error
1116;0;0;0x0000;Timeout error
1117;0;0;0x0000;Timeout error
1118;0;0;0x0000;Timeout error
1119;0;0;0x0000;Timeout error
1120;0;0;0x0000;Timeout error
1121;0;0;0x0000;Timeout error
1122;0;0;0x0000;Timeout error
1123;0;0;0x0000;Timeout error
1124;0;0;0x0000;Timeout error
1125;0;0;0x0000;Timeout error
1126;0;0;0x0000;Timeout error
1127;0;0;0x0000;Timeout error
1128;0;0;0x0000;Timeout error
1129;0;0;0x0000;Timeout error
1130;0;0;0x0000;Timeout error
1131;0;0;0x0000;Timeout error
1132;0;0;0x0000;Timeout error
1133;0;0;0x0000;Timeout error
1134;0;0;0x0000;Timeout error
1135;0;0;0x0000;Timeout error
1136;0;0;0x0000;Timeout error
1137;0;0;0x0000;Timeout error
1138;0;0;0x0000;Timeout error
1139;0;0;0x0000;Timeout error
1140;0;0;0x0000;Timeout error
1141;0;0;0x0000;Timeout error
1142;0;0;0x0000;Timeout error
1143;0;0;0x0000;Timeout error
1144;0;0;0x0000;Timeout error
1145;0;0;0x0000;Timeout error
1146;0;0;0x0000;Timeout error
1147;0;0;0x0000;Timeout error
1148;0;0;0x0000;Timeout error
1149;0;0;0x0000;Timeout error
1150;0;0;0x0000;Timeout error
1151;0;0;0x0000;Timeout error
1152;0;0;0x0000;Timeout error
1153;0;0;0x0000;Timeout error
1154;0;0;0x0000;Timeout error
1155;0;0;0x0000;Timeout error
1156;0;0;0x0000;Timeout error
1157;0;0;0x0000;Timeout error
1158;0;0;0x0000;Timeout error
1159;0;0;0x0000;Timeout error
1160;0;0;0x0000;Timeout error
1161;0;0;0x0000;Timeout error
1162;0;0;0x0000;Timeout error
1163;0;0;0x0000;Timeout error
1164;0;0;0x0000;Timeout error
1165;0;0;0x0000;Timeout error
1166;0;0;0x0000;Timeout error
1167;0;0;0x0000;Timeout error
1168;0;0;0x0000;Timeout error
1169;0;0;0x0000;Timeout error
1170;0;0;0x0000;Timeout error
1171;0;0;0x0000;Timeout error
1172;0;0;0x0000;Timeout error
1173;0;0;0x0000;Timeout error
1174;0;0;0x0000;Timeout error
1175;0;0;0x0000;Timeout error
1176;0;0;0x0000;Timeout error
1177;0;0;0x0000;Timeout error
1178;0;0;0x0000;Timeout error
1179;0;0;0x0000;Timeout error
1180;0;0;0x0000;Timeout error
1181;0;0;0x0000;Timeout error
1182;0;0;0x0000;Timeout error
1183;0;0;0x0000;Timeout error
1184;0;0;0x0000;Timeout error
1185;0;0;0x0000;Timeout error
1186;0;0;0x0000;Timeout error
1187;0;0;0x0000;Timeout error
1188;0;0;0x0000;Timeout error
1189;0;0;0x0000;Timeout error
1190;0;0;0x0000;Timeout error
1191;0;0;0x0000;Timeout error
1192;0;0;0x0000;Timeout error
1193;0;0;0x0000;Timeout error
1194;0;0;0x0000;Timeout error
1195;0;0;0x0000;Timeout error
1196;0;0;0x0000;Timeout error
1197;0;0;0x0000;Timeout error
1198;0;0;0x0000;Timeout error
1199;0;0;0x0000;Timeout error
1200;0;0;0x0000;Timeout error
1201;0;0;0x0000;Timeout error
1202;0;0;0x0000;Timeout error
1203;0;0;0x0000;Timeout error
1204;0;0;0x0000;Timeout error
1205;0;0;0x0000;Timeout error
1206;0;0;0x0000;Timeout error
1207;0;0;0x0000;Timeout error
1208;0;0;0x0000;Timeout error
1209;0;0;0x0000;Timeout error
1210;0;0;0x0000;Timeout error
1211;0;0;0x0000;Timeout error
1212;0;0;0x0000;Timeout error
1213;0;0;0x0000;Timeout error
1214;0;0;0x0000;Timeout error
1215;0;0;0x0000;Timeout error
1216;0;0;0x0000;Timeout error
1217;0;0;0x0000;Timeout error
1218;0;0;0x0000;Timeout error
1219;0;0;0x0000;Timeout error
1220;0;0;0x0000;Timeout error
1221;0;0;0x0000;Timeout error
1222;0;0;0x0000;Timeout error
1223;0;0;0x0000;Timeout error
1224;0;0;0x0000;Timeout error
1225;0;0;0x0000;Timeout error
1226;0;0;0x0000;Timeout error
1227;0;0;0x0000;Timeout error
1228;0;0;0x0000;Timeout error
1229;0;0;0x0000;Timeout error
1230;0;0;0x0000;Timeout error
1231;0;0;0x0000;Timeout error
1232;0;0;0x0000;Timeout error
1233;0;0;0x0000;Timeout error
1234;0;0;0x0000;Timeout error
1235;0;0;0x0000;Timeout error
1236;0;0;0x0000;Timeout error
1237;0;0;0x0000;Timeout error
1238;0;0;0x0000;Timeout error
1239;0;0;0x0000;Timeout error
1240;0;0;0x0000;Timeout error
1241;0;0;0x0000;Timeout error
1242;0;0;0x0000;Timeout error
1243;0;0;0x0000;Timeout error
1244;0;0;0x0000;Timeout error
1245;0;0;0x0000;Timeout error
1246;0;0;0x0000;Timeout error
1247;0;0;0x0000;Timeout error
1248;0;0;0x0000;Timeout error
1249;0;0;0x0000;Timeout error
1250;0;0;0x0000;Timeout error
1251;0;0;0x0000;Timeout error
1252;0;0;0x0000;Timeout error
1253;0;0;0x0000;Timeout error
1254;0;0;0x0000;Timeout error
1255;0;0;0x0000;Timeout error
1256;0;0;0x0000;Timeout error
1257;0;0;0x0000;Timeout error
1258;0;0;0x0000;Timeout error
1259;0;0;0x0000;Timeout error
1260;0;0;0x0000;Timeout error
1261;0;0;0x0000;Timeout error
1262;0;0;0x0000;Timeout error
1263;0;0;0x0000;Timeout error
1264;0;0;0x0000;Timeout error
1265;0;0;0x0000;Timeout error
1266;0;0;0x0000;Timeout error
1267;0;0;0x0000;Timeout error
1268;0;0;0x0000;Timeout error
1269;0;0;0x0000;Timeout error
1270;0;0;0x0000;Timeout error
1271;0;0;0x0000;Timeout error
1272;0;0;0x0000;Timeout error
1273;0;0;0x0000;Timeout error
1274;0;0;0x0000;Timeout error
1275;0;0;0x0000;Timeout error
1276;0;0;0x0000;Timeout error
1277;0;0;0x0000;Timeout error
1278;0;0;0x0000;Timeout error
1279;0;0;0x0000;Timeout error
1280;0;0;0x0000;Timeout error
1281;0;0;0x0000;Timeout error
1282;0;0;0x0000;Timeout error
1283;0;0;0x0000;Timeout error
1284;0;0;0x0000;Timeout error
1285;0;0;0x0000;Timeout error
1286;0;0;0x0000;Timeout error
1287;0;0;0x0000;Timeout error
1288;0;0;0x0000;Timeout error
1289;0;0;0x0000;Timeout error
1290;0;0;0x0000;Timeout error
1291;0;0;0x0000;Timeout error
1292;0;0;0x0000;Timeout error
1293;0;0;0x0000;Timeout error
1294;0;0;0x0000;Timeout error
1295;0;0;0x0000;Timeout error
1296;0;0;0x0000;Timeout error
1297;0;0;0x0000;Timeout error
1298;0;0;0x0000;Timeout error
1299;0;0;0x0000;Timeout error
1300;0;0;0x0000;Timeout error
1301;0;0;0x0000;Timeout error
1302;0;0;0x0000;Timeout error
1303;0;0;0x0000;Timeout error
1304;0;0;0x0000;Timeout error
1305;0;0;0x0000;Timeout error
1306;0;0;0x0000;Timeout error
1307;0;0;0x0000;Timeout error
1308;0;0;0x0000;Timeout error
1309;0;0;0x0000;Timeout error
1310;0;0;0x0000;Timeout error
1311;0;0;0x0000;Timeout error
1312;0;0;0x0000;Timeout error
1313;0;0;0x0000;Timeout error
1314;0;0;0x0000;Timeout error
1315;0;0;0x0000;Timeout error
1316;0;0;0x0000;Timeout error
1317;0;0;0x0000;Timeout error
1318;0;0;0x0000;Timeout error
1319;0;0;0x0000;Timeout error
1320;0;0;0x0000;Timeout error
1321;0;0;0x0000;Timeout error
1322;0;0;0x0000;Timeout error
1323;0;0;0x0000;Timeout error
1324;0;0;0x0000;Timeout error
1325;0;0;0x0000;Timeout error
1326;0;0;0x0000;Timeout error
1327;0;0;0x0000;Timeout error
1328;0;0;0x0000;Timeout error
1329;0;0;0x0000;Timeout error
1330;0;0;0x0000;Timeout error
1331;0;0;0x0000;Timeout error
1332;0;0;0x0000;Timeout error
1333;0;0;0x0000;Timeout error
1334;0;0;0x0000;Timeout error
1335;0;0;0x0000;Timeout error
1336;0;0;0x0000;Timeout error
1337;0;0;0x0000;Timeout error
1338;0;0;0x0000;Timeout error
1339;0;0;0x0000;Timeout error
1340;0;0;0x0000;Timeout error
1341;0;0;0x0000;Timeout error
1342;0;0;0x0000;Timeout error
1343;0;0;0x0000;Timeout error
1344;0;0;0x0000;Timeout error
1345;0;0;0x0000;Timeout error
1346;0;0;0x0000;Timeout error
1347;0;0;0x0000;Timeout error
1348;0;0;0x0000;Timeout error
1349;0;0;0x0000;Timeout error
1350;0;0;0x0000;Timeout error
1351;0;0;0x0000;Timeout error
1352;0;0;0x0000;Timeout error
1353;0;0;0x0000;Timeout error
1354;0;0;0x0000;Timeout error
1355;0;0;0x0000;Timeout error
1356;0;0;0x0000;Timeout error
1357;0;0;0x0000;Timeout error
1358;0;0;0x0000;Timeout error
1359;0;0;0x0000;Timeout error
1360;0;0;0x0000;Timeout error
1361;0;0;0x0000;Timeout error
1362;0;0;0x0000;Timeout error
1363;0;0;0x0000;Timeout error
1364;0;0;0x0000;Timeout error
1365;0;0;0x0000;Timeout error
1366;0;0;0x0000;Timeout error
1367;0;0;0x0000;Timeout error
1368;0;0;0x0000;Timeout error
1369;0;0;0x0000;Timeout error
1370;0;0;0x0000;Timeout error
1371;0;0;0x0000;Timeout error
1372;0;0;0x0000;Timeout error
1373;0;0;0x0000;Timeout error
1374;0;0;0x0000;Timeout error
1375;0;0;0x0000;Timeout error
1376;0;0;0x0000;Timeout error
1377;0;0;0x0000;Timeout error
1378;0;0;0x0000;Timeout error
1379;0;0;0x0000;Timeout error
1380;0;0;0x0000;Timeout error
1381;0;0;0x0000;Timeout error
1382;0;0;0x0000;Timeout error
1383;0;0;0x0000;Timeout error
1384;0;0;0x0000;Timeout error
1385;0;0;0x0000;Timeout error
1386;0;0;0x0000;Timeout error
1387;0;0;0x0000;Timeout error
1388;0;0;0x0000;Timeout error
1389;0;0;0x0000;Timeout error
1390;0;0;0x0000;Timeout error
1391;0;0;0x0000;Timeout error
1392;0;0;0x0000;Timeout error
1393;0;0;0x0000;Timeout error
1394;0;0;0x0000;Timeout error
1395;0;0;0x0000;Timeout error
1396;0;0;0x0000;Timeout error
1397;0;0;0x0000;Timeout error
1398;0;0;0x0000;Timeout error
1399;0;0;0x0000;Timeout error
1400;0;0;0x0000;Timeout error
1401;0;0;0x0000;Timeout error
1402;0;0;0x0000;Timeout error
1403;0;0;0x0000;Timeout error
1404;0;0;0x0000;Timeout error
1405;0;0;0x0000;Timeout error
1406;0;0;0x0000;Timeout error
1407;0;0;0x0000;Timeout error
1408;0;0;0x0000;Timeout error
1409;0;0;0x0000;Timeout error
1410;0;0;0x0000;Timeout error
1411;0;0;0x0000;Timeout error
1412;0;0;0x0000;Timeout error
1413;0;0;0x0000;Timeout error
1414;0;0;0x0000;Timeout error
1415;0;0;0x0000;Timeout error
1416;0;0;0x0000;Timeout error
1417;0;0;0x0000;Timeout error
1418;0;0;0x0000;Timeout error
1419;0;0;0x0000;Timeout error
1420;0;0;0x0000;Timeout error
1421;0;0;0x0000;Timeout error
1422;0;0;0x0000;Timeout error
1423;0;0;0x0000;Timeout error
1424;0;0;0x0000;Timeout error
1425;0;0;0x0000;Timeout error
1426;0;0;0x0000;Timeout error
1427;0;0;0x0000;Timeout error
1428;0;0;0x0000;Timeout error
1429;0;0;0x0000;Timeout error
1430;0;0;0x0000;Timeout error
1431;0;0;0x0000;Timeout error
1432;0;0;0x0000;Timeout error
1433;0;0;0x0000;Timeout error
1434;0;0;0x0000;Timeout error
1435;0;0;0x0000;Timeout error
1436;0;0;0x0000;Timeout error
1437;0;0;0x0000;Timeout error
1438;0;0;0x0000;Timeout error
1439;0;0;0x0000;Timeout error
1440;0;0;0x0000;Timeout error
1441;0;0;0x0000;Timeout error
1442;0;0;0x0000;Timeout error
1443;0;0;0x0000;Timeout error
1444;0;0;0x0000;Timeout error
1445;0;0;0x0000;Timeout error
1446;0;0;0x0000;Timeout error
1447;0;0;0x0000;Timeout error
1448;0;0;0x0000;Timeout error
1449;0;0;0x0000;Timeout error
1450;0;0;0x0000;Timeout error
1451;0;0;0x0000;Timeout error
1452;0;0;0x0000;Timeout error
1453;0;0;0x0000;Timeout error
1454;0;0;0x0000;Timeout error
1455;0;0;0x0000;Timeout error
1456;0;0;0x0000;Timeout error
1457;0;0;0x0000;Timeout error
1458;0;0;0x0000;Timeout error
1459;0;0;0x0000;Timeout error
1460;0;0;0x0000;Timeout error
1461;0;0;0x0000;Timeout error
1462;0;0;0x0000;Timeout error
1463;0;0;0x0000;Timeout error
1464;0;0;0x0000;Timeout error
1465;0;0;0x0000;Timeout error
1466;0;0;0x0000;Timeout error
1467;0;0;0x0000;Timeout error
1468;0;0;0x0000;Timeout error
1469;0;0;0x0000;Timeout error
1470;0;0;0x0000;Timeout error
1471;0;0;0x0000;Timeout error
1472;0;0;0x0000;Timeout error
1473;0;0;0x0000;Timeout error
1474;0;0;0x0000;Timeout error
1475;0;0;0x0000;Timeout error
1476;0;0;0x0000;Timeout error
1477;0;0;0x0000;Timeout error
1478;0;0;0x0000;Timeout error
1479;0;0;0x0000;Timeout error
1480;0;0;0x0000;Timeout error
1481;0;0;0x0000;Timeout error
1482;0;0;0x0000;Timeout error
1483;0;0;0x0000;Timeout error
1484;0;0;0x0000;Timeout error
1485;0;0;0x0000;Timeout error
1486;0;0;0x0000;Timeout error
1487;0;0;0x0000;Timeout error
1488;0;0;0x0000;Timeout error
1489;0;0;0x0000;Timeout error
1490;0;0;0x0000;Timeout error
1491;0;0;0x0000;Timeout error
1492;0;0;0x0000;Timeout error
1493;0;0;0x0000;Timeout error
1494;0;0;0x0000;Timeout error
1495;0;0;0x0000;Timeout error
1496;0;0;0x0000;Timeout error
1497;0;0;0x0000;Timeout error
1498;0;0;0x0000;Timeout error
1499;0;0;0x0000;Timeout error
1500;0;0;0x0000;Timeout error
1501;0;0;0x0000;Timeout error
1502;0;0;0x0000;Timeout error
1503;0;0;0x0000;Timeout error
1504;0;0;0x0000;Timeout error
1505;0;0;0x0000;Timeout error
1506;0;0;0x0000;Timeout error
1507;0;0;0x0000;Timeout error
1508;0;0;0x0000;Timeout error
1509;0;0;0x0000;Timeout error
1510;0;0;0x0000;Timeout error
1511;0;0;0x0000;Timeout error
1512;0;0;0x0000;Timeout error
1513;0;0;0x0000;Timeout error
1514;0;0;0x0000;Timeout error
1515;0;0;0x0000;Timeout error
1516;0;0;0x0000;Timeout error
1517;0;0;0x0000;Timeout error
1518;0;0;0x0000;Timeout error
1519;0;0;0x0000;Timeout error
1520;0;0;0x0000;Timeout error
1521;0;0;0x0000;Timeout error
1522;0;0;0x0000;Timeout error
1523;0;0;0x0000;Timeout error
1524;0;0;0x0000;Timeout error
1525;0;0;0x0000;Timeout error
1526;0;0;0x0000;Timeout error
1527;0;0;0x0000;Timeout error
1528;0;0;0x0000;Timeout error
1529;0;0;0x0000;Timeout error
1530;0;0;0x0000;Timeout error
1531;0;0;0x0000;Timeout error
1532;0;0;0x0000;Timeout error
1533;0;0;0x0000;Timeout error
1534;0;0;0x0000;Timeout error
1535;0;0;0x0000;Timeout error
1536;0;0;0x0000;Timeout error
1537;0;0;0x0000;Timeout error
1538;0;0;0x0000;Timeout error
1539;0;0;0x0000;Timeout error
1540;0;0;0x0000;Timeout error
1541;0;0;0x0000;Timeout error
1542;0;0;0x0000;Timeout error
1543;0;0;0x0000;Timeout error
1544;0;0;0x0000;Timeout error
1545;0;0;0x0000;Timeout error
1546;0;0;0x0000;Timeout error
1547;0;0;0x0000;Timeout error
1548;0;0;0x0000;Timeout error
1549;0;0;0x0000;Timeout error
1550;0;0;0x0000;Timeout error
1551;0;0;0x0000;Timeout error
1552;0;0;0x0000;Timeout error
1553;0;0;0x0000;Timeout error
1554;0;0;0x0000;Timeout error
1555;0;0;0x0000;Timeout error
1556;0;0;0x0000;Timeout error
1557;0;0;0x0000;Timeout error
1558;0;0;0x0000;Timeout error
1559;0;0;0x0000;Timeout error
1560;0;0;0x0000;Timeout error
1561;0;0;0x0000;Timeout error
1562;0;0;0x0000;Timeout error
1563;0;0;0x0000;Timeout error
1564;0;0;0x0000;Timeout error
1565;0;0;0x0000;Timeout error
1566;0;0;0x0000;Timeout error
1567;0;0;0x0000;Timeout error
1568;0;0;0x0000;Timeout error
1569;0;0;0x0000;Timeout error
1570;0;0;0x0000;Timeout error
1571;0;0;0x0000;Timeout error
1572;0;0;0x0000;Timeout error
1573;0;0;0x0000;Timeout error
1574;0;0;0x0000;Timeout error
1575;0;0;0x0000;Timeout error
1576;0;0;0x0000;Timeout error
1577;0;0;0x0000;Timeout error
1578;0;0;0x0000;Timeout error
1579;0;0;0x0000;Timeout error
1580;0;0;0x0000;Timeout error
1581;0;0;0x0000;Timeout error
1582;0;0;0x0000;Timeout error
1583;0;0;0x0000;Timeout error
1584;0;0;0x0000;Timeout error
1585;0;0;0x0000;Timeout error
1586;0;0;0x0000;Timeout error
1587;0;0;0x0000;Timeout error
1588;0;0;0x0000;Timeout error
1589;0;0;0x0000;Timeout error
1590;0;0;0x0000;Timeout error
1591;0;0;0x0000;Timeout error
1592;0;0;0x0000;Timeout error
1593;0;0;0x0000;Timeout error
1594;0;0;0x0000;Timeout error
1595;0;0;0x0000;Timeout error
1596;0;0;0x0000;Timeout error
1597;0;0;0x0000;Timeout error
1598;0;0;0x0000;Timeout error
1599;0;0;0x0000;Timeout error
1600;0;0;0x0000;Timeout error
1601;0;0;0x0000;Timeout error
1602;0;0;0x0000;Timeout error
1603;0;0;0x0000;Timeout error
1604;0;0;0x0000;Timeout error
1605;0;0;0x0000;Timeout error
1606;0;0;0x0000;Timeout error
1607;0;0;0x0000;Timeout error
1608;0;0;0x0000;Timeout error
1609;0;0;0x0000;Timeout error
1610;0;0;0x0000;Timeout error
1611;0;0;0x0000;Timeout error
1612;0;0;0x0000;Timeout error
1613;0;0;0x0000;Timeout error
1614;0;0;0x0000;Timeout error
1615;0;0;0x0000;Timeout error
1616;0;0;0x0000;Timeout error
1617;0;0;0x0000;Timeout error
1618;0;0;0x0000;Timeout error
1619;0;0;0x0000;Timeout error
1620;0;0;0x0000;Timeout error
1621;0;0;0x0000;Timeout error
1622;0;0;0x0000;Timeout error
1623;0;0;0x0000;Timeout error
1624;0;0;0x0000;Timeout error
1625;0;0;0x0000;Timeout error
1626;0;0;0x0000;Timeout error
1627;0;0;0x0000;Timeout error
1628;0;0;0x0000;Timeout error
1629;0;0;0x0000;Timeout error
1630;0;0;0x0000;Timeout error
1631;0;0;0x0000;Timeout error
1632;0;0;0x0000;Timeout error
1633;0;0;0x0000;Timeout error
1634;0;0;0x0000;Timeout error
1635;0;0;0x0000;Timeout error
1636;0;0;0x0000;Timeout error
1637;0;0;0x0000;Timeout error
1638;0;0;0x0000;Timeout error
1639;0;0;0x0000;Timeout error
1640;0;0;0x0000;Timeout error
1641;0;0;0x0000;Timeout error
1642;0;0;0x0000;Timeout error
1643;0;0;0x0000;Timeout error
1644;0;0;0x0000;Timeout error
1645;0;0;0x0000;Timeout error
1646;0;0;0x0000;Timeout error
1647;0;0;0x0000;Timeout error
1648;0;0;0x0000;Timeout error
1649;0;0;0x0000;Timeout error
1650;0;0;0x0000;Timeout error
1651;0;0;0x0000;Timeout error
1652;0;0;0x0000;Timeout error
1653;0;0;0x0000;Timeout error
1654;0;0;0x0000;Timeout error
1655;0;0;0x0000;Timeout error
1656;0;0;0x0000;Timeout error
1657;0;0;0x0000;Timeout error
1658;0;0;0x0000;Timeout error
1659;0;0;0x0000;Timeout error
1660;0;0;0x0000;Timeout error
1661;0;0;0x0000;Timeout error
1662;0;0;0x0000;Timeout error
1663;0;0;0x0000;Timeout error
1664;0;0;0x0000;Timeout error
1665;0;0;0x0000;Timeout error
1666;0;0;0x0000;Timeout error
1667;0;0;0x0000;Timeout error
1668;0;0;0x0000;Timeout error
1669;0;0;0x0000;Timeout error
1670;0;0;0x0000;Timeout error
1671;0;0;0x0000;Timeout error
1672;0;0;0x0000;Timeout error
1673;0;0;0x0000;Timeout error
1674;0;0;0x0000;Timeout error
1675;0;0;0x0000;Timeout error
1676;0;0;0x0000;Timeout error
1677;0;0;0x0000;Timeout error
1678;0;0;0x0000;Timeout error
1679;0;0;0x0000;Timeout error
1680;0;0;0x0000;Timeout error
1681;0;0;0x0000;Timeout error
1682;0;0;0x0000;Timeout error
1683;0;0;0x0000;Timeout error
1684;0;0;0x0000;Timeout error
1685;0;0;0x0000;Timeout error
1686;0;0;0x0000;Timeout error
1687;0;0;0x0000;Timeout error
1688;0;0;0x0000;Timeout error
1689;0;0;0x0000;Timeout error
1690;0;0;0x0000;Timeout error
1691;0;0;0x0000;Timeout error
1692;0;0;0x0000;Timeout error
1693;0;0;0x0000;Timeout error
1694;0;0;0x0000;Timeout error
1695;0;0;0x0000;Timeout error
1696;0;0;0x0000;Timeout error
1697;0;0;0x0000;Timeout error
1698;0;0;0x0000;Timeout error
1699;0;0;0x0000;Timeout error
1700;0;0;0x0000;Timeout error
1701;0;0;0x0000;Timeout error
1702;0;0;0x0000;Timeout error
1703;0;0;0x0000;Timeout error
1704;0;0;0x0000;Timeout error
1705;0;0;0x0000;Timeout error
1706;0;0;0x0000;Timeout error
1707;0;0;0x0000;Timeout error
1708;0;0;0x0000;Timeout error
1709;0;0;0x0000;Timeout error
1710;0;0;0x0000;Timeout error
1711;0;0;0x0000;Timeout error
1712;0;0;0x0000;Timeout error
1713;0;0;0x0000;Timeout error
1714;0;0;0x0000;Timeout error
1715;0;0;0x0000;Timeout error
1716;0;0;0x0000;Timeout error
1717;0;0;0x0000;Timeout error
1718;0;0;0x0000;Timeout error
1719;0;0;0x0000;Timeout error
1720;0;0;0x0000;Timeout error
1721;0;0;0x0000;Timeout error
1722;0;0;0x0000;Timeout error
1723;0;0;0x0000;Timeout error
1724;0;0;0x0000;Timeout error
1725;0;0;0x0000;Timeout error
1726;0;0;0x0000;Timeout error
1727;0;0;0x0000;Timeout error
1728;0;0;0x0000;Timeout error
1729;0;0;0x0000;Timeout error
1730;0;0;0x0000;Timeout error
1731;0;0;0x0000;Timeout error
1732;0;0;0x0000;Timeout error
1733;0;0;0x0000;Timeout error
1734;0;0;0x0000;Timeout error
1735;0;0;0x0000;Timeout error
1736;0;0;0x0000;Timeout error
1737;0;0;0x0000;Timeout error
1738;0;0;0x0000;Timeout error
1739;0;0;0x0000;Timeout error
1740;0;0;0x0000;Timeout error
1741;0;0;0x0000;Timeout error
1742;0;0;0x0000;Timeout error
1743;0;0;0x0000;Timeout error
1744;0;0;0x0000;Timeout error
1745;0;0;0x0000;Timeout error
1746;0;0;0x0000;Timeout error
1747;0;0;0x0000;Timeout error
1748;0;0;0x0000;Timeout error
1749;0;0;0x0000;Timeout error
1750;0;0;0x0000;Timeout error
1751;0;0;0x0000;Timeout error
1752;0;0;0x0000;Timeout error
1753;0;0;0x0000;Timeout error
1754;0;0;0x0000;Timeout error
1755;0;0;0x0000;Timeout error
1756;0;0;0x0000;Timeout error
1757;0;0;0x0000;Timeout error
1758;0;0;0x0000;Timeout error
1759;0;0;0x0000;Timeout error
1760;0;0;0x0000;Timeout error
1761;0;0;0x0000;Timeout error
1762;0;0;0x0000;Timeout error
1763;0;0;0x0000;Timeout error
1764;0;0;0x0000;Timeout error
1765;0;0;0x0000;Timeout error
1766;0;0;0x0000;Timeout error
1767;0;0;0x0000;Timeout error
1768;0;0;0x0000;Timeout error
1769;0;0;0x0000;Timeout error
1770;0;0;0x0000;Timeout error
1771;0;0;0x0000;Timeout error
1772;0;0;0x0000;Timeout error
1773;0;0;0x0000;Timeout error
1774;0;0;0x0000;Timeout error
1775;0;0;0x0000;Timeout error
1776;0;0;0x0000;Timeout error
1777;0;0;0x0000;Timeout error
1778;0;0;0x0000;Timeout error
1779;0;0;0x0000;Timeout error
1780;0;0;0x0000;Timeout error
1781;0;0;0x0000;Timeout error
1782;0;0;0x0000;Timeout error
1783;0;0;0x0000;Timeout error
1784;0;0;0x0000;Timeout error
1785;0;0;0x0000;Timeout error
1786;0;0;0x0000;Timeout error
1787;0;0;0x0000;Timeout error
1788;0;0;0x0000;Timeout error
1789;0;0;0x0000;Timeout error
1790;0;0;0x0000;Timeout error
1791;0;0;0x0000;Timeout error
1792;0;0;0x0000;Timeout error
1793;0;0;0x0000;Timeout error
1794;0;0;0x0000;Timeout error
1795;0;0;0x0000;Timeout error
1796;0;0;0x0000;Timeout error
1797;0;0;0x0000;Timeout error
1798;0;0;0x0000;Timeout error
1799;0;0;0x0000;Timeout error
1800;0;0;0x0000;Timeout error
1801;0;0;0x0000;Timeout error
1802;0;0;0x0000;Timeout error
1803;0;0;0x0000;Timeout error
1804;0;0;0x0000;Timeout error
1805;0;0;0x0000;Timeout error
1806;0;0;0x0000;Timeout error
1807;0;0;0x0000;Timeout error
1808;0;0;0x0000;Timeout error
1809;0;0;0x0000;Timeout error
1810;0;0;0x0000;Timeout error
1811;0;0;0x0000;Timeout error
1812;0;0;0x0000;Timeout error
1813;0;0;0x0000;Timeout error
1814;0;0;0x0000;Timeout error
1815;0;0;0x0000;Timeout error
1816;0;0;0x0000;Timeout error
1817;0;0;0x0000;Timeout error
1818;0;0;0x0000;Timeout error
1819;0;0;0x0000;Timeout error
1820;0;0;0x0000;Timeout error
1821;0;0;0x0000;Timeout error
1822;0;0;0x0000;Timeout error
1823;0;0;0x0000;Timeout error
1824;0;0;0x0000;Timeout error
1825;0;0;0x0000;Timeout error
1826;0;0;0x0000;Timeout error
1827;0;0;0x0000;Timeout error
1828;0;0;0x0000;Timeout error
1829;0;0;0x0000;Timeout error
1830;0;0;0x0000;Timeout error
1831;0;0;0x0000;Timeout error
1832;0;0;0x0000;Timeout error
1833;0;0;0x0000;Timeout error
1834;0;0;0x0000;Timeout error
1835;0;0;0x0000;Timeout error
1836;0;0;0x0000;Timeout error
1837;0;0;0x0000;Timeout error
1838;0;0;0x0000;Timeout error
1839;0;0;0x0000;Timeout error
1840;0;0;0x0000;Timeout error
1841;0;0;0x0000;Timeout error
1842;0;0;0x0000;Timeout error
1843;0;0;0x0000;Timeout error
1844;0;0;0x0000;Timeout error
1845;0;0;0x0000;Timeout error
1846;0;0;0x0000;Timeout error
1847;0;0;0x0000;Timeout error
1848;0;0;0x0000;Timeout error
1849;0;0;0x0000;Timeout error
1850;0;0;0x0000;Timeout error
1851;0;0;0x0000;Timeout error
1852;0;0;0x0000;Timeout error
1853;0;0;0x0000;Timeout error
1854;0;0;0x0000;Timeout error
1855;0;0;0x0000;Timeout error
1856;0;0;0x0000;Timeout error
1857;0;0;0x0000;Timeout error
1858;0;0;0x0000;Timeout error
1859;0;0;0x0000;Timeout error
1860;0;0;0x0000;Timeout error
1861;0;0;0x0000;Timeout error
1862;0;0;0x0000;Timeout error
1863;0;0;0x0000;Timeout error
1864;0;0;0x0000;Timeout error
1865;0;0;0x0000;Timeout error
1866;0;0;0x0000;Timeout error
1867;0;0;0x0000;Timeout error
1868;0;0;0x0000;Timeout error
1869;0;0;0x0000;Timeout error
1870;0;0;0x0000;Timeout error
1871;0;0;0x0000;Timeout error
1872;0;0;0x0000;Timeout error
1873;0;0;0x0000;Timeout error
1874;0;0;0x0000;Timeout error
1875;0;0;0x0000;Timeout error
1876;0;0;0x0000;Timeout error
1877;0;0;0x0000;Timeout error
1878;0;0;0x0000;Timeout error
1879;0;0;0x0000;Timeout error
1880;0;0;0x0000;Timeout error
1881;0;0;0x0000;Timeout error
1882;0;0;0x0000;Timeout error
1883;0;0;0x0000;Timeout error
1884;0;0;0x0000;Timeout error
1885;0;0;0x0000;Timeout error
1886;0;0;0x0000;Timeout error
1887;0;0;0x0000;Timeout error
1888;0;0;0x0000;Timeout error
1889;0;0;0x0000;Timeout error
1890;0;0;0x0000;Timeout error
1891;0;0;0x0000;Timeout error
1892;0;0;0x0000;Timeout error
1893;0;0;0x0000;Timeout error
1894;0;0;0x0000;Timeout error
1895;0;0;0x0000;Timeout error
1896;0;0;0x0000;Timeout error
1897;0;0;0x0000;Timeout error
1898;0;0;0x0000;Timeout error
1899;0;0;0x0000;Timeout error
1900;0;0;0x0000;Timeout error
1901;0;0;0x0000;Timeout error
1902;0;0;0x0000;Timeout error
1903;0;0;0x0000;Timeout error
1904;0;0;0x0000;Timeout error
1905;0;0;0x0000;Timeout error
1906;0;0;0x0000;Timeout error
1907;0;0;0x0000;Timeout error
1908;0;0;0x0000;Timeout error
1909;0;0;0x0000;Timeout error
1910;0;0;0x0000;Timeout error
1911;0;0;0x0000;Timeout error
1912;0;0;0x0000;Timeout error
1913;0;0;0x0000;Timeout error
1914;0;0;0x0000;Timeout error
1915;0;0;0x0000;Timeout error
1916;0;0;0x0000;Timeout error
1917;0;0;0x0000;Timeout error
1918;0;0;0x0000;Timeout error
1919;0;0;0x0000;Timeout error
1920;0;0;0x0000;Timeout error
1921;0;0;0x0000;Timeout error
1922;0;0;0x0000;Timeout error
1923;0;0;0x0000;Timeout error
1924;0;0;0x0000;Timeout error
1925;0;0;0x0000;Timeout error
1926;0;0;0x0000;Timeout error
1927;0;0;0x0000;Timeout error
1928;0;0;0x0000;Timeout error
1929;0;0;0x0000;Timeout error
1930;0;0;0x0000;Timeout error
1931;0;0;0x0000;Timeout error
1932;0;0;0x0000;Timeout error
1933;0;0;0x0000;Timeout error
1934;0;0;0x0000;Timeout error
1935;0;0;0x0000;Timeout error
1936;0;0;0x0000;Timeout error
1937;0;0;0x0000;Timeout error
1938;0;0;0x0000;Timeout error
1939;0;0;0x0000;Timeout error
1940;0;0;0x0000;Timeout error
1941;0;0;0x0000;Timeout error
1942;0;0;0x0000;Timeout error
1943;0;0;0x0000;Timeout error
1944;0;0;0x0000;Timeout error
1945;0;0;0x0000;Timeout error
1946;0;0;0x0000;Timeout error
1947;0;0;0x0000;Timeout error
1948;0;0;0x0000;Timeout error
1949;0;0;0x0000;Timeout error
1950;0;0;0x0000;Timeout error
1951;0;0;0x0000;Timeout error
1952;0;0;0x0000;Timeout error
1953;0;0;0x0000;Timeout error
1954;0;0;0x0000;Timeout error
1955;0;0;0x0000;Timeout error
1956;0;0;0x0000;Timeout error
1957;0;0;0x0000;Timeout error
1958;0;0;0x0000;Timeout error
1959;0;0;0x0000;Timeout error
1960;0;0;0x0000;Timeout error
1961;0;0;0x0000;Timeout error
1962;0;0;0x0000;Timeout error
1963;0;0;0x0000;Timeout error
1964;0;0;0x0000;Timeout error
1965;0;0;0x0000;Timeout error
1966;0;0;0x0000;Timeout error
1967;0;0;0x0000;Timeout error
1968;0;0;0x0000;Timeout error
1969;0;0;0x0000;Timeout error
1970;0;0;0x0000;Timeout error
1971;0;0;0x0000;Timeout error
1972;0;0;0x0000;Timeout error
1973;0;0;0x0000;Timeout error
1974;0;0;0x0000;Timeout error
1975;0;0;0x0000;Timeout error
1976;0;0;0x0000;Timeout error
1977;0;0;0x0000;Timeout error
1978;0;0;0x0000;Timeout error
1979;0;0;0x0000;Timeout error
1980;0;0;0x0000;Timeout error
1981;0;0;0x0000;Timeout error
1982;0;0;0x0000;Timeout error
1983;0;0;0x0000;Timeout error
1984;0;0;0x0000;Timeout error
1985;0;0;0x0000;Timeout error
1986;0;0;0x0000;Timeout error
1987;0;0;0x0000;Timeout error
1988;0;0;0x0000;Timeout error
1989;0;0;0x0000;Timeout error
1990;0;0;0x0000;Timeout error
1991;0;0;0x0000;Timeout error
1992;0;0;0x0000;Timeout error
1993;0;0;0x0000;Timeout error
1994;0;0;0x0000;Timeout error
1995;0;0;0x0000;Timeout error
1996;0;0;0x0000;Timeout error
1997;0;0;0x0000;Timeout error
1998;0;0;0x0000;Timeout error
1999;0;0;0x0000;Timeout error
2000;0;0;0x0000;Timeout error
2001;0;0;0x0000;Timeout error
2002;0;0;0x0000;Timeout error
2003;0;0;0x0000;Timeout error
2004;0;0;0x0000;Timeout error
2005;0;0;0x0000;Timeout error
2006;0;0;0x0000;Timeout error
2007;0;0;0x0000;Timeout error
2008;0;0;0x0000;Timeout error
2009;0;0;0x0000;Timeout error
2010;0;0;0x0000;Timeout error
2011;0;0;0x0000;Timeout error
2012;0;0;0x0000;Timeout error
2013;0;0;0x0000;Timeout error
2014;0;0;0x0000;Timeout error
2015;0;0;0x0000;Timeout error
2016;0;0;0x0000;Timeout error
2017;0;0;0x0000;Timeout error
2018;0;0;0x0000;Timeout error
2019;0;0;0x0000;Timeout error
2020;0;0;0x0000;Timeout error
2021;0;0;0x0000;Timeout error
2022;0;0;0x0000;Timeout error
2023;0;0;0x0000;Timeout error
2024;0;0;0x0000;Timeout error
2025;0;0;0x0000;Timeout error
2026;0;0;0x0000;Timeout error
2027;0;0;0x0000;Timeout error
2028;0;0;0x0000;Timeout error
2029;0;0;0x0000;Timeout error
2030;0;0;0x0000;Timeout error
2031;0;0;0x0000;Timeout error
2032;0;0;0x0000;Timeout error
2033;0;0;0x0000;Timeout error
2034;0;0;0x0000;Timeout error
2035;0;0;0x0000;Timeout error
2036;0;0;0x0000;Timeout error
2037;0;0;0x0000;Timeout error
2038;0;0;0x0000;Timeout error
2039;0;0;0x0000;Timeout error
2040;0;0;0x0000;Timeout error
2041;0;0;0x0000;Timeout error
2042;0;0;0x0000;Timeout error
2043;0;0;0x0000;Timeout error
2044;0;0;0x0000;Timeout error
2045;0;0;0x0000;Timeout error
2046;0;0;0x0000;Timeout error
2047;0;0;0x0000;Timeout error
2048;0;0;0x0000;Timeout error
2049;0;0;0x0000;Timeout error
2050;0;0;0x0000;Timeout error
2051;0;0;0x0000;Timeout error
2052;0;0;0x0000;Timeout error
2053;0;0;0x0000;Timeout error
2054;0;0;0x0000;Timeout error
2055;0;0;0x0000;Timeout error
2056;0;0;0x0000;Timeout error
2057;0;0;0x0000;Timeout error
2058;0;0;0x0000;Timeout error
2059;0;0;0x0000;Timeout error
2060;0;0;0x0000;Timeout error
2061;0;0;0x0000;Timeout error
2062;0;0;0x0000;Timeout error
2063;0;0;0x0000;Timeout error
2064;0;0;0x0000;Timeout error
2065;0;0;0x0000;Timeout error
2066;0;0;0x0000;Timeout error
2067;0;0;0x0000;Timeout error
2068;0;0;0x0000;Timeout error
2069;0;0;0x0000;Timeout error
2070;0;0;0x0000;Timeout error
2071;0;0;0x0000;Timeout error
2072;0;0;0x0000;Timeout error
2073;0;0;0x0000;Timeout error
2074;0;0;0x0000;Timeout error
2075;0;0;0x0000;Timeout error
2076;0;0;0x0000;Timeout error
2077;0;0;0x0000;Timeout error
2078;0;0;0x0000;Timeout error
2079;0;0;0x0000;Timeout error
2080;0;0;0x0000;Timeout error
2081;0;0;0x0000;Timeout error
2082;0;0;0x0000;Timeout error
2083;0;0;0x0000;Timeout error
2084;0;0;0x0000;Timeout error
2085;0;0;0x0000;Timeout error
2086;0;0;0x0000;Timeout error
2087;0;0;0x0000;Timeout error
2088;0;0;0x0000;Timeout error
2089;0;0;0x0000;Timeout error
2090;0;0;0x0000;Timeout error
2091;0;0;0x0000;Timeout error
2092;0;0;0x0000;Timeout error
2093;0;0;0x0000;Timeout error
2094;0;0;0x0000;Timeout error
2095;0;0;0x0000;Timeout error
2096;0;0;0x0000;Timeout error
2097;0;0;0x0000;Timeout error
2098;0;0;0x0000;Timeout error
2099;0;0;0x0000;Timeout error
2100;0;0;0x0000;Timeout error
2101;0;0;0x0000;Timeout error
2102;0;0;0x0000;Timeout error
2103;0;0;0x0000;Timeout error
2104;0;0;0x0000;Timeout error
2105;0;0;0x0000;Timeout error
2106;0;0;0x0000;Timeout error
2107;0;0;0x0000;Timeout error
2108;0;0;0x0000;Timeout error
2109;0;0;0x0000;Timeout error
2110;0;0;0x0000;Timeout error
2111;0;0;0x0000;Timeout error
2112;0;0;0x0000;Timeout error
2113;0;0;0x0000;Timeout error
2114;0;0;0x0000;Timeout error
2115;0;0;0x0000;Timeout error
2116;0;0;0x0000;Timeout error
2117;0;0;0x0000;Timeout error
2118;0;0;0x0000;Timeout error
2119;0;0;0x0000;Timeout error
2120;0;0;0x0000;Timeout error
2121;0;0;0x0000;Timeout error
2122;0;0;0x0000;Timeout error
2123;0;0;0x0000;Timeout error
2124;0;0;0x0000;Timeout error
2125;0;0;0x0000;Timeout error
2126;0;0;0x0000;Timeout error
2127;0;0;0x0000;Timeout error
2128;0;0;0x0000;Timeout error
2129;0;0;0x0000;Timeout error
2130;0;0;0x0000;Timeout error
2131;0;0;0x0000;Timeout error
2132;0;0;0x0000;Timeout error
2133;0;0;0x0000;Timeout error
2134;0;0;0x0000;Timeout error
2135;0;0;0x0000;Timeout error
2136;0;0;0x0000;Timeout error
2137;0;0;0x0000;Timeout error
2138;0;0;0x0000;Timeout error
2139;0;0;0x0000;Timeout error
2140;0;0;0x0000;Timeout error
2141;0;0;0x0000;Timeout error
2142;0;0;0x0000;Timeout error
2143;0;0;0x0000;Timeout error
2144;0;0;0x0000;Timeout error
2145;0;0;0x0000;Timeout error
2146;0;0;0x0000;Timeout error
2147;0;0;0x0000;Timeout error
2148;0;0;0x0000;Timeout error
2149;0;0;0x0000;Timeout error
2150;0;0;0x0000;Timeout error
2151;0;0;0x0000;Timeout error
2152;0;0;0x0000;Timeout error
2153;0;0;0x0000;Timeout error
2154;0;0;0x0000;Timeout error
2155;0;0;0x0000;Timeout error
2156;0;0;0x0000;Timeout error
2157;0;0;0x0000;Timeout error
2158;0;0;0x0000;Timeout error
2159;0;0;0x0000;Timeout error
2160;0;0;0x0000;Timeout error
2161;0;0;0x0000;Timeout error
2162;0;0;0x0000;Timeout error
2163;0;0;0x0000;Timeout error
2164;0;0;0x0000;Timeout error
2165;0;0;0x0000;Timeout error
2166;0;0;0x0000;Timeout error
2167;0;0;0x0000;Timeout error
2168;0;0;0x0000;Timeout error
2169;0;0;0x0000;Timeout error
2170;0;0;0x0000;Timeout error
2171;0;0;0x0000;Timeout error
2172;0;0;0x0000;Timeout error
2173;0;0;0x0000;Timeout error
2174;0;0;0x0000;Timeout error
2175;0;0;0x0000;Timeout error
2176;0;0;0x0000;Timeout error
2177;0;0;0x0000;Timeout error
2178;0;0;0x0000;Timeout error
2179;0;0;0x0000;Timeout error
2180;0;0;0x0000;Timeout error
2181;0;0;0x0000;Timeout error
2182;0;0;0x0000;Timeout error
2183;0;0;0x0000;Timeout error
2184;0;0;0x0000;Timeout error
2185;0;0;0x0000;Timeout error
2186;0;0;0x0000;Timeout error
2187;0;0;0x0000;Timeout error
2188;0;0;0x0000;Timeout error
2189;0;0;0x0000;Timeout error
2190;0;0;0x0000;Timeout error
2191;0;0;0x0000;Timeout error
2192;0;0;0x0000;Timeout error
2193;0;0;0x0000;Timeout error
2194;0;0;0x0000;Timeout error
2195;0;0;0x0000;Timeout error
2196;0;0;0x0000;Timeout error
2197;0;0;0x0000;Timeout error
2198;0;0;0x0000;Timeout error
2199;0;0;0x0000;Timeout error
2200;0;0;0x0000;Timeout error
2201;0;0;0x0000;Timeout error
2202;0;0;0x0000;Timeout error
2203;0;0;0x0000;Timeout error
2204;0;0;0x0000;Timeout error
2205;0;0;0x0000;Timeout error
2206;0;0;0x0000;Timeout error
2207;0;0;0x0000;Timeout error
2208;0;0;0x0000;Timeout error
2209;0;0;0x0000;Timeout error
2210;0;0;0x0000;Timeout error
2211;0;0;0x0000;Timeout error
2212;0;0;0x0000;Timeout error
2213;0;0;0x0000;Timeout error
2214;0;0;0x0000;Timeout error
2215;0;0;0x0000;Timeout error
2216;0;0;0x0000;Timeout error
2217;0;0;0x0000;Timeout error
2218;0;0;0x0000;Timeout error
2219;0;0;0x0000;Timeout error
2220;0;0;0x0000;Timeout error
2221;0;0;0x0000;Timeout error
2222;0;0;0x0000;Timeout error
2223;0;0;0x0000;Timeout error
2224;0;0;0x0000;Timeout error
2225;0;0;0x0000;Timeout error
2226;0;0;0x0000;Timeout error
2227;0;0;0x0000;Timeout error
2228;0;0;0x0000;Timeout error
2229;0;0;0x0000;Timeout error
2230;0;0;0x0000;Timeout error
2231;0;0;0x0000;Timeout error
2232;0;0;0x0000;Timeout error
2233;0;0;0x0000;Timeout error
2234;0;0;0x0000;Timeout error
2235;0;0;0x0000;Timeout error
2236;0;0;0x0000;Timeout error
2237;0;0;0x0000;Timeout error
2238;0;0;0x0000;Timeout error
2239;0;0;0x0000;Timeout error
2240;0;0;0x0000;Timeout error
2241;0;0;0x0000;Timeout error
2242;0;0;0x0000;Timeout error
2243;0;0;0x0000;Timeout error
2244;0;0;0x0000;Timeout error
2245;0;0;0x0000;Timeout error
2246;0;0;0x0000;Timeout error
2247;0;0;0x0000;Timeout error
2248;0;0;0x0000;Timeout error
2249;0;0;0x0000;Timeout error
2250;0;0;0x0000;Timeout error
2251;0;0;0x0000;Timeout error
2252;0;0;0x0000;Timeout error
2253;0;0;0x0000;Timeout error
2254;0;0;0x0000;Timeout error
2255;0;0;0x0000;Timeout error
2256;0;0;0x0000;Timeout error
2257;0;0;0x0000;Timeout error
2258;0;0;0x0000;Timeout error
2259;0;0;0x0000;Timeout error
2260;0;0;0x0000;Timeout error
2261;0;0;0x0000;Timeout error
2262;0;0;0x0000;Timeout error
2263;0;0;0x0000;Timeout error
2264;0;0;0x0000;Timeout error
2265;0;0;0x0000;Timeout error
2266;0;0;0x0000;Timeout error
2267;0;0;0x0000;Timeout error
2268;0;0;0x0000;Timeout error
2269;0;0;0x0000;Timeout error
2270;0;0;0x0000;Timeout error
2271;0;0;0x0000;Timeout error
2272;0;0;0x0000;Timeout error
2273;0;0;0x0000;Timeout error
2274;0;0;0x0000;Timeout error
2275;0;0;0x0000;Timeout error
2276;0;0;0x0000;Timeout error
2277;0;0;0x0000;Timeout error
2278;0;0;0x0000;Timeout error
2279;0;0;0x0000;Timeout error
2280;0;0;0x0000;Timeout error
2281;0;0;0x0000;Timeout error
2282;0;0;0x0000;Timeout error
2283;0;0;0x0000;Timeout error
2284;0;0;0x0000;Timeout error
2285;0;0;0x0000;Timeout error
2286;0;0;0x0000;Timeout error
2287;0;0;0x0000;Timeout error
2288;0;0;0x0000;Timeout error
2289;0;0;0x0000;Timeout error
2290;0;0;0x0000;Timeout error
2291;0;0;0x0000;Timeout error
2292;0;0;0x0000;Timeout error
2293;0;0;0x0000;Timeout error
2294;0;0;0x0000;Timeout error
2295;0;0;0x0000;Timeout error
2296;0;0;0x0000;Timeout error
2297;0;0;0x0000;Timeout error
2298;0;0;0x0000;Timeout error
2299;0;0;0x0000;Timeout error
2300;0;0;0x0000;Timeout error
2301;0;0;0x0000;Timeout error
2302;0;0;0x0000;Timeout error
2303;0;0;0x0000;Timeout error
2304;0;0;0x0000;Timeout error
2305;0;0;0x0000;Timeout error
2306;0;0;0x0000;Timeout error
2307;0;0;0x0000;Timeout error
2308;0;0;0x0000;Timeout error
2309;0;0;0x0000;Timeout error
2310;0;0;0x0000;Timeout error
2311;0;0;0x0000;Timeout error
2312;0;0;0x0000;Timeout error
2313;0;0;0x0000;Timeout error
2314;0;0;0x0000;Timeout error
2315;0;0;0x0000;Timeout error
2316;0;0;0x0000;Timeout error
2317;0;0;0x0000;Timeout error
2318;0;0;0x0000;Timeout error
2319;0;0;0x0000;Timeout error
2320;0;0;0x0000;Timeout error
2321;0;0;0x0000;Timeout error
2322;0;0;0x0000;Timeout error
2323;0;0;0x0000;Timeout error
2324;0;0;0x0000;Timeout error
2325;0;0;0x0000;Timeout error
2326;0;0;0x0000;Timeout error
2327;0;0;0x0000;Timeout error
2328;0;0;0x0000;Timeout error
2329;0;0;0x0000;Timeout error
2330;0;0;0x0000;Timeout error
2331;0;0;0x0000;Timeout error
2332;0;0;0x0000;Timeout error
2333;0;0;0x0000;Timeout error
2334;0;0;0x0000;Timeout error
2335;0;0;0x0000;Timeout error
2336;0;0;0x0000;Timeout error
2337;0;0;0x0000;Timeout error
2338;0;0;0x0000;Timeout error
2339;0;0;0x0000;Timeout error
2340;0;0;0x0000;Timeout error
2341;0;0;0x0000;Timeout error
2342;0;0;0x0000;Timeout error
2343;0;0;0x0000;Timeout error
2344;0;0;0x0000;Timeout error
2345;0;0;0x0000;Timeout error
2346;0;0;0x0000;Timeout error
2347;0;0;0x0000;Timeout error
2348;0;0;0x0000;Timeout error
2349;0;0;0x0000;Timeout error
2350;0;0;0x0000;Timeout error
2351;0;0;0x0000;Timeout error
2352;0;0;0x0000;Timeout error
2353;0;0;0x0000;Timeout error
2354;0;0;0x0000;Timeout error
2355;0;0;0x0000;Timeout error
2356;0;0;0x0000;Timeout error
2357;0;0;0x0000;Timeout error
2358;0;0;0x0000;Timeout error
2359;0;0;0x0000;Timeout error
2360;0;0;0x0000;Timeout error
2361;0;0;0x0000;Timeout error
2362;0;0;0x0000;Timeout error
2363;0;0;0x0000;Timeout error
2364;0;0;0x0000;Timeout error
2365;0;0;0x0000;Timeout error
2366;0;0;0x0000;Timeout error
2367;0;0;0x0000;Timeout error
2368;0;0;0x0000;Timeout error
2369;0;0;0x0000;Timeout error
2370;0;0;0x0000;Timeout error
2371;0;0;0x0000;Timeout error
2372;0;0;0x0000;Timeout error
2373;0;0;0x0000;Timeout error
2374;0;0;0x0000;Timeout error
2375;0;0;0x0000;Timeout error
2376;0;0;0x0000;Timeout error
2377;0;0;0x0000;Timeout error
2378;0;0;0x0000;Timeout error
2379;0;0;0x0000;Timeout error
2380;0;0;0x0000;Timeout error
2381;0;0;0x0000;Timeout error
2382;0;0;0x0000;Timeout error
2383;0;0;0x0000;Timeout error
2384;0;0;0x0000;Timeout error
2385;0;0;0x0000;Timeout error
2386;0;0;0x0000;Timeout error
2387;0;0;0x0000;Timeout error
2388;0;0;0x0000;Timeout error
2389;0;0;0x0000;Timeout error
2390;0;0;0x0000;Timeout error
2391;0;0;0x0000;Timeout error
2392;0;0;0x0000;Timeout error
2393;0;0;0x0000;Timeout error
2394;0;0;0x0000;Timeout error
2395;0;0;0x0000;Timeout error
2396;0;0;0x0000;Timeout error
2397;0;0;0x0000;Timeout error
2398;0;0;0x0000;Timeout error
2399;0;0;0x0000;Timeout error
2400;0;0;0x0000;Timeout error
2401;0;0;0x0000;Timeout error
2402;0;0;0x0000;Timeout error
2403;0;0;0x0000;Timeout error
2404;0;0;0x0000;Timeout error
2405;0;0;0x0000;Timeout error
2406;0;0;0x0000;Timeout error
2407;0;0;0x0000;Timeout error
2408;0;0;0x0000;Timeout error
2409;0;0;0x0000;Timeout error
2410;0;0;0x0000;Timeout error
2411;0;0;0x0000;Timeout error
2412;0;0;0x0000;Timeout error
2413;0;0;0x0000;Timeout error
2414;0;0;0x0000;Timeout error
2415;0;0;0x0000;Timeout error
2416;0;0;0x0000;Timeout error
2417;0;0;0x0000;Timeout error
2418;0;0;0x0000;Timeout error
2419;0;0;0x0000;Timeout error
2420;0;0;0x0000;Timeout error
2421;0;0;0x0000;Timeout error
2422;0;0;0x0000;Timeout error
2423;0;0;0x0000;Timeout error
2424;0;0;0x0000;Timeout error
2425;0;0;0x0000;Timeout error
2426;0;0;0x0000;Timeout error
2427;0;0;0x0000;Timeout error
2428;0;0;0x0000;Timeout error
2429;0;0;0x0000;Timeout error
2430;0;0;0x0000;Timeout error
2431;0;0;0x0000;Timeout error
2432;0;0;0x0000;Timeout error
2433;0;0;0x0000;Timeout error
2434;0;0;0x0000;Timeout error
2435;0;0;0x0000;Timeout error
2436;0;0;0x0000;Timeout error
2437;0;0;0x0000;Timeout error
2438;0;0;0x0000;Timeout error
2439;0;0;0x0000;Timeout error
2440;0;0;0x0000;Timeout error
2441;0;0;0x0000;Timeout error
2442;0;0;0x0000;Timeout error
2443;0;0;0x0000;Timeout error
2444;0;0;0x0000;Timeout error
2445;0;0;0x0000;Timeout error
2446;0;0;0x0000;Timeout error
2447;0;0;0x0000;Timeout error
2448;0;0;0x0000;Timeout error
2449;0;0;0x0000;Timeout error
2450;0;0;0x0000;Timeout error
2451;0;0;0x0000;Timeout error
2452;0;0;0x0000;Timeout error
2453;0;0;0x0000;Timeout error
2454;0;0;0x0000;Timeout error
2455;0;0;0x0000;Timeout error
2456;0;0;0x0000;Timeout error
2457;0;0;0x0000;Timeout error
2458;0;0;0x0000;Timeout error
2459;0;0;0x0000;Timeout error
2460;0;0;0x0000;Timeout error
2461;0;0;0x0000;Timeout error
2462;0;0;0x0000;Timeout error
2463;0;0;0x0000;Timeout error
2464;0;0;0x0000;Timeout error
2465;0;0;0x0000;Timeout error
2466;0;0;0x0000;Timeout error
2467;0;0;0x0000;Timeout error
2468;0;0;0x0000;Timeout error
2469;0;0;0x0000;Timeout error
2470;0;0;0x0000;Timeout error
2471;0;0;0x0000;Timeout error
2472;0;0;0x0000;Timeout error
2473;0;0;0x0000;Timeout error
2474;0;0;0x0000;Timeout error
2475;0;0;0x0000;Timeout error
2476;0;0;0x0000;Timeout error
2477;0;0;0x0000;Timeout error
2478;0;0;0x0000;Timeout error
2479;0;0;0x0000;Timeout error
2480;0;0;0x0000;Timeout error
2481;0;0;0x0000;Timeout error
2482;0;0;0x0000;Timeout error
2483;0;0;0x0000;Timeout error
2484;0;0;0x0000;Timeout error
2485;0;0;0x0000;Timeout error
2486;0;0;0x0000;Timeout error
2487;0;0;0x0000;Timeout error
2488;0;0;0x0000;Timeout error
2489;0;0;0x0000;Timeout error
2490;0;0;0x0000;Timeout error
2491;0;0;0x0000;Timeout error
2492;0;0;0x0000;Timeout error
2493;0;0;0x0000;Timeout error
2494;0;0;0x0000;Timeout error
2495;0;0;0x0000;Timeout error
2496;0;0;0x0000;Timeout error
2497;0;0;0x0000;Timeout error
2498;0;0;0x0000;Timeout error
2499;0;0;0x0000;Timeout error
2500;0;0;0x0000;Timeout error
2501;0;0;0x0000;Timeout error
2502;0;0;0x0000;Timeout error
2503;0;0;0x0000;Timeout error
2504;0;0;0x0000;Timeout error
2505;0;0;0x0000;Timeout error
2506;0;0;0x0000;Timeout error
2507;0;0;0x0000;Timeout error
2508;0;0;0x0000;Timeout error
2509;0;0;0x0000;Timeout error
2510;0;0;0x0000;Timeout error
2511;0;0;0x0000;Timeout error
2512;0;0;0x0000;Timeout error
2513;0;0;0x0000;Timeout error
2514;0;0;0x0000;Timeout error
2515;0;0;0x0000;Timeout error
2516;0;0;0x0000;Timeout error
2517;0;0;0x0000;Timeout error
2518;0;0;0x0000;Timeout error
2519;0;0;0x0000;Timeout error
2520;0;0;0x0000;Timeout error
2521;0;0;0x0000;Timeout error
2522;0;0;0x0000;Timeout error
2523;0;0;0x0000;Timeout error
2524;0;0;0x0000;Timeout error
2525;0;0;0x0000;Timeout error
2526;0;0;0x0000;Timeout error
2527;0;0;0x0000;Timeout error
2528;0;0;0x0000;Timeout error
2529;0;0;0x0000;Timeout error
2530;0;0;0x0000;Timeout error
2531;0;0;0x0000;Timeout error
2532;0;0;0x0000;Timeout error
2533;0;0;0x0000;Timeout error
2534;0;0;0x0000;Timeout error
2535;0;0;0x0000;Timeout error
2536;0;0;0x0000;Timeout error
2537;0;0;0x0000;Timeout error
2538;0;0;0x0000;Timeout error
2539;0;0;0x0000;Timeout error
2540;0;0;0x0000;Timeout error
2541;0;0;0x0000;Timeout error
2542;0;0;0x0000;Timeout error
2543;0;0;0x0000;Timeout error
2544;0;0;0x0000;Timeout error
2545;0;0;0x0000;Timeout error
2546;0;0;0x0000;Timeout error
2547;0;0;0x0000;Timeout error
2548;0;0;0x0000;Timeout error
2549;0;0;0x0000;Timeout error
2550;0;0;0x0000;Timeout error
2551;0;0;0x0000;Timeout error
2552;0;0;0x0000;Timeout error
2553;0;0;0x0000;Timeout error
2554;0;0;0x0000;Timeout error
2555;0;0;0x0000;Timeout error
2556;0;0;0x0000;Timeout error
2557;0;0;0x0000;Timeout error
2558;0;0;0x0000;Timeout error
2559;0;0;0x0000;Timeout error
2560;0;0;0x0000;Timeout error
2561;0;0;0x0000;Timeout error
2562;0;0;0x0000;Timeout error
2563;0;0;0x0000;Timeout error
2564;0;0;0x0000;Timeout error
2565;0;0;0x0000;Timeout error
2566;0;0;0x0000;Timeout error
2567;0;0;0x0000;Timeout error
2568;0;0;0x0000;Timeout error
2569;0;0;0x0000;Timeout error
2570;0;0;0x0000;Timeout error
2571;0;0;0x0000;Timeout error
2572;0;0;0x0000;Timeout error
2573;0;0;0x0000;Timeout error
2574;0;0;0x0000;Timeout error
2575;0;0;0x0000;Timeout error
2576;0;0;0x0000;Timeout error
2577;0;0;0x0000;Timeout error
2578;0;0;0x0000;Timeout error
2579;0;0;0x0000;Timeout error
2580;0;0;0x0000;Timeout error
2581;0;0;0x0000;Timeout error
2582;0;0;0x0000;Timeout error
2583;0;0;0x0000;Timeout error
2584;0;0;0x0000;Timeout error
2585;0;0;0x0000;Timeout error
2586;0;0;0x0000;Timeout error
2587;0;0;0x0000;Timeout error
2588;0;0;0x0000;Timeout error
2589;0;0;0x0000;Timeout error
2590;0;0;0x0000;Timeout error
2591;0;0;0x0000;Timeout error
2592;0;0;0x0000;Timeout error
2593;0;0;0x0000;Timeout error
2594;0;0;0x0000;Timeout error
2595;0;0;0x0000;Timeout error
2596;0;0;0x0000;Timeout error
2597;0;0;0x0000;Timeout error
2598;0;0;0x0000;Timeout error
2599;0;0;0x0000;Timeout error
2600;0;0;0x0000;Timeout error
2601;0;0;0x0000;Timeout error
2602;0;0;0x0000;Timeout error
2603;0;0;0x0000;Timeout error
2604;0;0;0x0000;Timeout error
2605;0;0;0x0000;Timeout error
2606;0;0;0x0000;Timeout error
2607;0;0;0x0000;Timeout error
2608;0;0;0x0000;Timeout error
2609;0;0;0x0000;Timeout error
2610;0;0;0x0000;Timeout error
2611;0;0;0x0000;Timeout error
2612;0;0;0x0000;Timeout error
2613;0;0;0x0000;Timeout error
2614;0;0;0x0000;Timeout error
2615;0;0;0x0000;Timeout error
2616;0;0;0x0000;Timeout error
2617;0;0;0x0000;Timeout error
2618;0;0;0x0000;Timeout error
2619;0;0;0x0000;Timeout error
2620;0;0;0x0000;Timeout error
2621;0;0;0x0000;Timeout error
2622;0;0;0x0000;Timeout error
2623;0;0;0x0000;Timeout error
2624;0;0;0x0000;Timeout error
2625;0;0;0x0000;Timeout error
2626;0;0;0x0000;Timeout error
2627;0;0;0x0000;Timeout error
2628;0;0;0x0000;Timeout error
2629;0;0;0x0000;Timeout error
2630;0;0;0x0000;Timeout error
2631;0;0;0x0000;Timeout error
2632;0;0;0x0000;Timeout error
2633;0;0;0x0000;Timeout error
2634;0;0;0x0000;Timeout error
2635;0;0;0x0000;Timeout error
2636;0;0;0x0000;Timeout error
2637;0;0;0x0000;Timeout error
2638;0;0;0x0000;Timeout error
2639;0;0;0x0000;Timeout error
2640;0;0;0x0000;Timeout error
2641;0;0;0x0000;Timeout error
2642;0;0;0x0000;Timeout error
2643;0;0;0x0000;Timeout error
2644;0;0;0x0000;Timeout error
2645;0;0;0x0000;Timeout error
2646;0;0;0x0000;Timeout error
2647;0;0;0x0000;Timeout error
2648;0;0;0x0000;Timeout error
2649;0;0;0x0000;Timeout error
2650;0;0;0x0000;Timeout error
2651;0;0;0x0000;Timeout error
2652;0;0;0x0000;Timeout error
2653;0;0;0x0000;Timeout error
2654;0;0;0x0000;Timeout error
2655;0;0;0x0000;Timeout error
2656;0;0;0x0000;Timeout error
2657;0;0;0x0000;Timeout error
2658;0;0;0x0000;Timeout error
2659;0;0;0x0000;Timeout error
2660;0;0;0x0000;Timeout error
2661;0;0;0x0000;Timeout error
2662;0;0;0x0000;Timeout error
2663;0;0;0x0000;Timeout error
2664;0;0;0x0000;Timeout error
2665;0;0;0x0000;Timeout error
2666;0;0;0x0000;Timeout error
2667;0;0;0x0000;Timeout error
2668;0;0;0x0000;Timeout error
2669;0;0;0x0000;Timeout error
2670;0;0;0x0000;Timeout error
2671;0;0;0x0000;Timeout error
2672;0;0;0x0000;Timeout error
2673;0;0;0x0000;Timeout error
2674;0;0;0x0000;Timeout error
2675;0;0;0x0000;Timeout error
2676;0;0;0x0000;Timeout error
2677;0;0;0x0000;Timeout error
2678;0;0;0x0000;Timeout error
2679;0;0;0x0000;Timeout error
2680;0;0;0x0000;Timeout error
2681;0;0;0x0000;Timeout error
2682;0;0;0x0000;Timeout error
2683;0;0;0x0000;Timeout error
2684;0;0;0x0000;Timeout error
2685;0;0;0x0000;Timeout error
2686;0;0;0x0000;Timeout error
2687;0;0;0x0000;Timeout error
2688;0;0;0x0000;Timeout error
2689;0;0;0x0000;Timeout error
2690;0;0;0x0000;Timeout error
2691;0;0;0x0000;Timeout error
2692;0;0;0x0000;Timeout error
2693;0;0;0x0000;Timeout error
2694;0;0;0x0000;Timeout error
2695;0;0;0x0000;Timeout error
2696;0;0;0x0000;Timeout error
2697;0;0;0x0000;Timeout error
2698;0;0;0x0000;Timeout error
2699;0;0;0x0000;Timeout error
2700;0;0;0x0000;Timeout error
2701;0;0;0x0000;Timeout error
2702;0;0;0x0000;Timeout error
2703;0;0;0x0000;Timeout error
2704;0;0;0x0000;Timeout error
2705;0;0;0x0000;Timeout error
2706;0;0;0x0000;Timeout error
2707;0;0;0x0000;Timeout error
2708;0;0;0x0000;Timeout error
2709;0;0;0x0000;Timeout error
2710;0;0;0x0000;Timeout error
2711;0;0;0x0000;Timeout error
2712;0;0;0x0000;Timeout error
2713;0;0;0x0000;Timeout error
2714;0;0;0x0000;Timeout error
2715;0;0;0x0000;Timeout error
2716;0;0;0x0000;Timeout error
2717;0;0;0x0000;Timeout error
2718;0;0;0x0000;Timeout error
2719;0;0;0x0000;Timeout error
2720;0;0;0x0000;Timeout error
2721;0;0;0x0000;Timeout error
2722;0;0;0x0000;Timeout error
2723;0;0;0x0000;Timeout error
2724;0;0;0x0000;Timeout error
2725;0;0;0x0000;Timeout error
2726;0;0;0x0000;Timeout error
2727;0;0;0x0000;Timeout error
2728;0;0;0x0000;Timeout error
2729;0;0;0x0000;Timeout error
2730;0;0;0x0000;Timeout error
2731;0;0;0x0000;Timeout error
2732;0;0;0x0000;Timeout error
2733;0;0;0x0000;Timeout error
2734;0;0;0x0000;Timeout error
2735;0;0;0x0000;Timeout error
2736;0;0;0x0000;Timeout error
2737;0;0;0x0000;Timeout error
2738;0;0;0x0000;Timeout error
2739;0;0;0x0000;Timeout error
2740;0;0;0x0000;Timeout error
2741;0;0;0x0000;Timeout error
2742;0;0;0x0000;Timeout error
2743;0;0;0x0000;Timeout error
2744;0;0;0x0000;Timeout error
2745;0;0;0x0000;Timeout error
2746;0;0;0x0000;Timeout error
2747;0;0;0x0000;Timeout error
2748;0;0;0x0000;Timeout error
2749;0;0;0x0000;Timeout error
2750;0;0;0x0000;Timeout error
2751;0;0;0x0000;Timeout error
2752;0;0;0x0000;Timeout error
2753;0;0;0x0000;Timeout error
2754;0;0;0x0000;Timeout error
2755;0;0;0x0000;Timeout error
2756;0;0;0x0000;Timeout error
2757;0;0;0x0000;Timeout error
2758;0;0;0x0000;Timeout error
2759;0;0;0x0000;Timeout error
2760;0;0;0x0000;Timeout error
2761;0;0;0x0000;Timeout error
2762;0;0;0x0000;Timeout error
2763;0;0;0x0000;Timeout error
2764;0;0;0x0000;Timeout error
2765;0;0;0x0000;Timeout error
2766;0;0;0x0000;Timeout error
2767;0;0;0x0000;Timeout error
2768;0;0;0x0000;Timeout error
2769;0;0;0x0000;Timeout error
2770;0;0;0x0000;Timeout error
2771;0;0;0x0000;Timeout error
2772;0;0;0x0000;Timeout error
2773;0;0;0x0000;Timeout error
2774;0;0;0x0000;Timeout error
2775;0;0;0x0000;Timeout error
2776;0;0;0x0000;Timeout error
2777;0;0;0x0000;Timeout error
2778;0;0;0x0000;Timeout error
2779;0;0;0x0000;Timeout error
2780;0;0;0x0000;Timeout error
2781;0;0;0x0000;Timeout error
2782;0;0;0x0000;Timeout error
2783;0;0;0x0000;Timeout error
2784;0;0;0x0000;Timeout error
2785;0;0;0x0000;Timeout error
2786;0;0;0x0000;Timeout error
2787;0;0;0x0000;Timeout error
2788;0;0;0x0000;Timeout error
2789;0;0;0x0000;Timeout error
2790;0;0;0x0000;Timeout error
2791;0;0;0x0000;Timeout error
2792;0;0;0x0000;Timeout error
2793;0;0;0x0000;Timeout error
2794;0;0;0x0000;Timeout error
2795;0;0;0x0000;Timeout error
2796;0;0;0x0000;Timeout error
2797;0;0;0x0000;Timeout error
2798;0;0;0x0000;Timeout error
2799;0;0;0x0000;Timeout error
2800;0;0;0x0000;Timeout error
2801;0;0;0x0000;Timeout error
2802;0;0;0x0000;Timeout error
2803;0;0;0x0000;Timeout error
2804;0;0;0x0000;Timeout error
2805;0;0;0x0000;Timeout error
2806;0;0;0x0000;Timeout error
2807;0;0;0x0000;Timeout error
2808;0;0;0x0000;Timeout error
2809;0;0;0x0000;Timeout error
2810;0;0;0x0000;Timeout error
2811;0;0;0x0000;Timeout error
2812;0;0;0x0000;Timeout error
2813;0;0;0x0000;Timeout error
2814;0;0;0x0000;Timeout error
2815;0;0;0x0000;Timeout error
2816;0;0;0x0000;Timeout error
2817;0;0;0x0000;Timeout error
2818;0;0;0x0000;Timeout error
2819;0;0;0x0000;Timeout error
2820;0;0;0x0000;Timeout error
2821;0;0;0x0000;Timeout error
2822;0;0;0x0000;Timeout error
2823;0;0;0x0000;Timeout error
2824;0;0;0x0000;Timeout error
2825;0;0;0x0000;Timeout error
2826;0;0;0x0000;Timeout error
2827;0;0;0x0000;Timeout error
2828;0;0;0x0000;Timeout error
2829;0;0;0x0000;Timeout error
2830;0;0;0x0000;Timeout error
2831;0;0;0x0000;Timeout error
2832;0;0;0x0000;Timeout error
2833;0;0;0x0000;Timeout error
2834;0;0;0x0000;Timeout error
2835;0;0;0x0000;Timeout error
2836;0;0;0x0000;Timeout error
2837;0;0;0x0000;Timeout error
2838;0;0;0x0000;Timeout error
2839;0;0;0x0000;Timeout error
2840;0;0;0x0000;Timeout error
2841;0;0;0x0000;Timeout error
2842;0;0;0x0000;Timeout error
2843;0;0;0x0000;Timeout error
2844;0;0;0x0000;Timeout error
2845;0;0;0x0000;Timeout error
2846;0;0;0x0000;Timeout error
2847;0;0;0x0000;Timeout error
2848;0;0;0x0000;Timeout error
2849;0;0;0x0000;Timeout error
2850;0;0;0x0000;Timeout error
2851;0;0;0x0000;Timeout error
2852;0;0;0x0000;Timeout error
2853;0;0;0x0000;Timeout error
2854;0;0;0x0000;Timeout error
2855;0;0;0x0000;Timeout error
2856;0;0;0x0000;Timeout error
2857;0;0;0x0000;Timeout error
2858;0;0;0x0000;Timeout error
2859;0;0;0x0000;Timeout error
2860;0;0;0x0000;Timeout error
2861;0;0;0x0000;Timeout error
2862;0;0;0x0000;Timeout error
2863;0;0;0x0000;Timeout error
2864;0;0;0x0000;Timeout error
2865;0;0;0x0000;Timeout error
2866;0;0;0x0000;Timeout error
2867;0;0;0x0000;Timeout error
2868;0;0;0x0000;Timeout error
2869;0;0;0x0000;Timeout error
2870;0;0;0x0000;Timeout error
2871;0;0;0x0000;Timeout error
2872;0;0;0x0000;Timeout error
2873;0;0;0x0000;Timeout error
2874;0;0;0x0000;Timeout error
2875;0;0;0x0000;Timeout error
2876;0;0;0x0000;Timeout error
2877;0;0;0x0000;Timeout error
2878;0;0;0x0000;Timeout error
2879;0;0;0x0000;Timeout error
2880;0;0;0x0000;Timeout error
2881;0;0;0x0000;Timeout error
2882;0;0;0x0000;Timeout error
2883;0;0;0x0000;Timeout error
2884;0;0;0x0000;Timeout error
2885;0;0;0x0000;Timeout error
2886;0;0;0x0000;Timeout error
2887;0;0;0x0000;Timeout error
2888;0;0;0x0000;Timeout error
2889;0;0;0x0000;Timeout error
2890;0;0;0x0000;Timeout error
2891;0;0;0x0000;Timeout error
2892;0;0;0x0000;Timeout error
2893;0;0;0x0000;Timeout error
2894;0;0;0x0000;Timeout error
2895;0;0;0x0000;Timeout error
2896;0;0;0x0000;Timeout error
2897;0;0;0x0000;Timeout error
2898;0;0;0x0000;Timeout error
2899;0;0;0x0000;Timeout error
2900;0;0;0x0000;Timeout error
2901;0;0;0x0000;Timeout error
2902;0;0;0x0000;Timeout error
2903;0;0;0x0000;Timeout error
2904;0;0;0x0000;Timeout error
2905;0;0;0x0000;Timeout error
2906;0;0;0x0000;Timeout error
2907;0;0;0x0000;Timeout error
2908;0;0;0x0000;Timeout error
2909;0;0;0x0000;Timeout error
2910;0;0;0x0000;Timeout error
2911;0;0;0x0000;Timeout error
2912;0;0;0x0000;Timeout error
2913;0;0;0x0000;Timeout error
2914;0;0;0x0000;Timeout error
2915;0;0;0x0000;Timeout error
2916;0;0;0x0000;Timeout error
2917;0;0;0x0000;Timeout error
2918;0;0;0x0000;Timeout error
2919;0;0;0x0000;Timeout error
2920;0;0;0x0000;Timeout error
2921;0;0;0x0000;Timeout error
2922;0;0;0x0000;Timeout error
2923;0;0;0x0000;Timeout error
2924;0;0;0x0000;Timeout error
2925;0;0;0x0000;Timeout error
2926;0;0;0x0000;Timeout error
2927;0;0;0x0000;Timeout error
2928;0;0;0x0000;Timeout error
2929;0;0;0x0000;Timeout error
2930;0;0;0x0000;Timeout error
2931;0;0;0x0000;Timeout error
2932;0;0;0x0000;Timeout error
2933;0;0;0x0000;Timeout error
2934;0;0;0x0000;Timeout error
2935;0;0;0x0000;Timeout error
2936;0;0;0x0000;Timeout error
2937;0;0;0x0000;Timeout error
2938;0;0;0x0000;Timeout error
2939;0;0;0x0000;Timeout error
2940;0;0;0x0000;Timeout error
2941;0;0;0x0000;Timeout error
2942;0;0;0x0000;Timeout error
2943;0;0;0x0000;Timeout error
2944;0;0;0x0000;Timeout error
2945;0;0;0x0000;Timeout error
2946;0;0;0x0000;Timeout error
2947;0;0;0x0000;Timeout error
2948;0;0;0x0000;Timeout error
2949;0;0;0x0000;Timeout error
2950;0;0;0x0000;Timeout error
2951;0;0;0x0000;Timeout error
2952;0;0;0x0000;Timeout error
2953;0;0;0x0000;Timeout error
2954;0;0;0x0000;Timeout error
2955;0;0;0x0000;Timeout error
2956;0;0;0x0000;Timeout error
2957;0;0;0x0000;Timeout error
2958;0;0;0x0000;Timeout error
2959;0;0;0x0000;Timeout error
2960;0;0;0x0000;Timeout error
2961;0;0;0x0000;Timeout error
2962;0;0;0x0000;Timeout error
2963;0;0;0x0000;Timeout error
2964;0;0;0x0000;Timeout error
2965;0;0;0x0000;Timeout error
2966;0;0;0x0000;Timeout error
2967;0;0;0x0000;Timeout error
2968;0;0;0x0000;Timeout error
2969;0;0;0x0000;Timeout error
2970;0;0;0x0000;Timeout error
2971;0;0;0x0000;Timeout error
2972;0;0;0x0000;Timeout error
2973;0;0;0x0000;Timeout error
2974;0;0;0x0000;Timeout error
2975;0;0;0x0000;Timeout error
2976;0;0;0x0000;Timeout error
2977;0;0;0x0000;Timeout error
2978;0;0;0x0000;Timeout error
2979;0;0;0x0000;Timeout error
2980;0;0;0x0000;Timeout error
2981;0;0;0x0000;Timeout error
2982;0;0;0x0000;Timeout error
2983;0;0;0x0000;Timeout error
2984;0;0;0x0000;Timeout error
2985;0;0;0x0000;Timeout error
2986;0;0;0x0000;Timeout error
2987;0;0;0x0000;Timeout error
2988;0;0;0x0000;Timeout error
2989;0;0;0x0000;Timeout error
2990;0;0;0x0000;Timeout error
2991;0;0;0x0000;Timeout error
2992;0;0;0x0000;Timeout error
2993;0;0;0x0000;Timeout error
2994;0;0;0x0000;Timeout error
2995;0;0;0x0000;Timeout error
2996;0;0;0x0000;Timeout error
2997;0;0;0x0000;Timeout error
2998;0;0;0x0000;Timeout error
2999;0;0;0x0000;Timeout error
3000;0;0;0x0000;Timeout error
3001;0;0;0x0000;Timeout error
3002;0;0;0x0000;Timeout error
3003;0;0;0x0000;Timeout error
3004;0;0;0x0000;Timeout error
3005;0;0;0x0000;Timeout error
3006;0;0;0x0000;Timeout error
3007;0;0;0x0000;Timeout error
3008;0;0;0x0000;Timeout error
3009;0;0;0x0000;Timeout error
3010;0;0;0x0000;Timeout error
3011;0;0;0x0000;Timeout error
3012;0;0;0x0000;Timeout error
3013;0;0;0x0000;Timeout error
3014;0;0;0x0000;Timeout error
3015;0;0;0x0000;Timeout error
3016;0;0;0x0000;Timeout error
3017;0;0;0x0000;Timeout error
3018;0;0;0x0000;Timeout error
3019;0;0;0x0000;Timeout error
3020;0;0;0x0000;Timeout error
3021;0;0;0x0000;Timeout error
3022;0;0;0x0000;Timeout error
3023;0;0;0x0000;Timeout error
3024;0;0;0x0000;Timeout error
3025;0;0;0x0000;Timeout error
3026;0;0;0x0000;Timeout error
3027;0;0;0x0000;Timeout error
3028;0;0;0x0000;Timeout error
3029;0;0;0x0000;Timeout error
3030;0;0;0x0000;Timeout error
3031;0;0;0x0000;Timeout error
3032;0;0;0x0000;Timeout error
3033;0;0;0x0000;Timeout error
3034;0;0;0x0000;Timeout error
3035;0;0;0x0000;Timeout error
3036;0;0;0x0000;Timeout error
3037;0;0;0x0000;Timeout error
3038;0;0;0x0000;Timeout error
3039;0;0;0x0000;Timeout error
3040;0;0;0x0000;Timeout error
3041;0;0;0x0000;Timeout error
3042;0;0;0x0000;Timeout error
3043;0;0;0x0000;Timeout error
3044;0;0;0x0000;Timeout error
3045;0;0;0x0000;Timeout error
3046;0;0;0x0000;Timeout error
3047;0;0;0x0000;Timeout error
3048;0;0;0x0000;Timeout error
3049;0;0;0x0000;Timeout error
3050;0;0;0x0000;Timeout error
3051;0;0;0x0000;Timeout error
3052;0;0;0x0000;Timeout error
3053;0;0;0x0000;Timeout error
3054;0;0;0x0000;Timeout error
3055;0;0;0x0000;Timeout error
3056;0;0;0x0000;Timeout error
3057;0;0;0x0000;Timeout error
3058;0;0;0x0000;Timeout error
3059;0;0;0x0000;Timeout error
3060;0;0;0x0000;Timeout error
3061;0;0;0x0000;Timeout error
3062;0;0;0x0000;Timeout error
3063;0;0;0x0000;Timeout error
3064;0;0;0x0000;Timeout error
3065;0;0;0x0000;Timeout error
3066;0;0;0x0000;Timeout error
3067;0;0;0x0000;Timeout error
3068;0;0;0x0000;Timeout error
3069;0;0;0x0000;Timeout error
3070;0;0;0x0000;Timeout error
3071;0;0;0x0000;Timeout error
3072;0;0;0x0000;Timeout error
3073;0;0;0x0000;Timeout error
3074;0;0;0x0000;Timeout error
3075;0;0;0x0000;Timeout error
3076;0;0;0x0000;Timeout error
3077;0;0;0x0000;Timeout error
3078;0;0;0x0000;Timeout error
3079;0;0;0x0000;Timeout error
3080;0;0;0x0000;Timeout error
3081;0;0;0x0000;Timeout error
3082;0;0;0x0000;Timeout error
3083;0;0;0x0000;Timeout error
3084;0;0;0x0000;Timeout error
3085;0;0;0x0000;Timeout error
3086;0;0;0x0000;Timeout error
3087;0;0;0x0000;Timeout error
3088;0;0;0x0000;Timeout error
3089;0;0;0x0000;Timeout error
3090;0;0;0x0000;Timeout error
3091;0;0;0x0000;Timeout error
3092;0;0;0x0000;Timeout error
3093;0;0;0x0000;Timeout error
3094;0;0;0x0000;Timeout error
3095;0;0;0x0000;Timeout error
3096;0;0;0x0000;Timeout error
3097;0;0;0x0000;Timeout error
3098;0;0;0x0000;Timeout error
3099;0;0;0x0000;Timeout error
3100;0;0;0x0000;Timeout error
3101;0;0;0x0000;Timeout error
3102;0;0;0x0000;Timeout error
3103;0;0;0x0000;Timeout error
3104;0;0;0x0000;Timeout error
3105;0;0;0x0000;Timeout error
3106;0;0;0x0000;Timeout error
3107;0;0;0x0000;Timeout error
3108;0;0;0x0000;Timeout error
3109;0;0;0x0000;Timeout error
3110;0;0;0x0000;Timeout error
3111;0;0;0x0000;Timeout error
3112;0;0;0x0000;Timeout error
3113;0;0;0x0000;Timeout error
3114;0;0;0x0000;Timeout error
3115;0;0;0x0000;Timeout error
3116;0;0;0x0000;Timeout error
3117;0;0;0x0000;Timeout error
3118;0;0;0x0000;Timeout error
3119;0;0;0x0000;Timeout error
3120;0;0;0x0000;Timeout error
3121;0;0;0x0000;Timeout error
3122;0;0;0x0000;Timeout error
3123;0;0;0x0000;Timeout error
3124;0;0;0x0000;Timeout error
3125;0;0;0x0000;Timeout error
3126;0;0;0x0000;Timeout error
3127;0;0;0x0000;Timeout error
3128;0;0;0x0000;Timeout error
3129;0;0;0x0000;Timeout error
3130;0;0;0x0000;Timeout error
3131;0;0;0x0000;Timeout error
3132;0;0;0x0000;Timeout error
3133;0;0;0x0000;Timeout error
3134;0;0;0x0000;Timeout error
3135;0;0;0x0000;Timeout error
3136;0;0;0x0000;Timeout error
3137;0;0;0x0000;Timeout error
3138;0;0;0x0000;Timeout error
3139;0;0;0x0000;Timeout error
3140;0;0;0x0000;Timeout error
3141;0;0;0x0000;Timeout error
3142;0;0;0x0000;Timeout error
3143;0;0;0x0000;Timeout error
3144;0;0;0x0000;Timeout error
3145;0;0;0x0000;Timeout error
3146;0;0;0x0000;Timeout error
3147;0;0;0x0000;Timeout error
3148;0;0;0x0000;Timeout error
3149;0;0;0x0000;Timeout error
3150;0;0;0x0000;Timeout error
3151;0;0;0x0000;Timeout error
3152;0;0;0x0000;Timeout error
3153;0;0;0x0000;Timeout error
3154;0;0;0x0000;Timeout error
3155;0;0;0x0000;Timeout error
3156;0;0;0x0000;Timeout error
3157;0;0;0x0000;Timeout error
3158;0;0;0x0000;Timeout error
3159;0;0;0x0000;Timeout error
3160;0;0;0x0000;Timeout error
3161;0;0;0x0000;Timeout error
3162;0;0;0x0000;Timeout error
3163;0;0;0x0000;Timeout error
3164;0;0;0x0000;Timeout error
3165;0;0;0x0000;Timeout error
3166;0;0;0x0000;Timeout error
3167;0;0;0x0000;Timeout error
3168;0;0;0x0000;Timeout error
3169;0;0;0x0000;Timeout error
3170;0;0;0x0000;Timeout error
3171;0;0;0x0000;Timeout error
3172;0;0;0x0000;Timeout error
3173;0;0;0x0000;Timeout error
3174;0;0;0x0000;Timeout error
3175;0;0;0x0000;Timeout error
3176;0;0;0x0000;Timeout error
3177;0;0;0x0000;Timeout error
3178;0;0;0x0000;Timeout error
3179;0;0;0x0000;Timeout error
3180;0;0;0x0000;Timeout error
3181;0;0;0x0000;Timeout error
3182;0;0;0x0000;Timeout error
3183;0;0;0x0000;Timeout error
3184;0;0;0x0000;Timeout error
3185;0;0;0x0000;Timeout error
3186;0;0;0x0000;Timeout error
3187;0;0;0x0000;Timeout error
3188;0;0;0x0000;Timeout error
3189;0;0;0x0000;Timeout error
3190;0;0;0x0000;Timeout error
3191;0;0;0x0000;Timeout error
3192;0;0;0x0000;Timeout error
3193;0;0;0x0000;Timeout error
3194;0;0;0x0000;Timeout error
3195;0;0;0x0000;Timeout error
3196;0;0;0x0000;Timeout error
3197;0;0;0x0000;Timeout error
3198;0;0;0x0000;Timeout error
3199;0;0;0x0000;Timeout error
3200;0;0;0x0000;Timeout error
3201;0;0;0x0000;Timeout error
3202;0;0;0x0000;Timeout error
3203;0;0;0x0000;Timeout error
3204;0;0;0x0000;Timeout error
3205;0;0;0x0000;Timeout error
3206;0;0;0x0000;Timeout error
3207;0;0;0x0000;Timeout error
3208;0;0;0x0000;Timeout error
3209;0;0;0x0000;Timeout error
3210;0;0;0x0000;Timeout error
3211;0;0;0x0000;Timeout error
3212;0;0;0x0000;Timeout error
3213;0;0;0x0000;Timeout error
3214;0;0;0x0000;Timeout error
3215;0;0;0x0000;Timeout error
3216;0;0;0x0000;Timeout error
3217;0;0;0x0000;Timeout error
3218;0;0;0x0000;Timeout error
3219;0;0;0x0000;Timeout error
3220;0;0;0x0000;Timeout error
3221;0;0;0x0000;Timeout error
3222;0;0;0x0000;Timeout error
3223;0;0;0x0000;Timeout error
3224;0;0;0x0000;Timeout error
3225;0;0;0x0000;Timeout error
3226;0;0;0x0000;Timeout error
3227;0;0;0x0000;Timeout error
3228;0;0;0x0000;Timeout error
3229;0;0;0x0000;Timeout error
3230;0;0;0x0000;Timeout error
3231;0;0;0x0000;Timeout error
3232;0;0;0x0000;Timeout error
3233;0;0;0x0000;Timeout error
3234;0;0;0x0000;Timeout error
3235;0;0;0x0000;Timeout error
3236;0;0;0x0000;Timeout error
3237;0;0;0x0000;Timeout error
3238;0;0;0x0000;Timeout error
3239;0;0;0x0000;Timeout error
3240;0;0;0x0000;Timeout error
3241;0;0;0x0000;Timeout error
3242;0;0;0x0000;Timeout error
3243;0;0;0x0000;Timeout error
3244;0;0;0x0000;Timeout error
3245;0;0;0x0000;Timeout error
3246;0;0;0x0000;Timeout error
3247;0;0;0x0000;Timeout error
3248;0;0;0x0000;Timeout error
3249;0;0;0x0000;Timeout error
3250;0;0;0x0000;Timeout error
3251;0;0;0x0000;Timeout error
3252;0;0;0x0000;Timeout error
3253;0;0;0x0000;Timeout error
3254;0;0;0x0000;Timeout error
3255;0;0;0x0000;Timeout error
3256;0;0;0x0000;Timeout error
3257;0;0;0x0000;Timeout error
3258;0;0;0x0000;Timeout error
3259;0;0;0x0000;Timeout error
3260;0;0;0x0000;Timeout error
3261;0;0;0x0000;Timeout error
3262;0;0;0x0000;Timeout error
3263;0;0;0x0000;Timeout error
3264;0;0;0x0000;Timeout error
3265;0;0;0x0000;Timeout error
3266;0;0;0x0000;Timeout error
3267;0;0;0x0000;Timeout error
3268;0;0;0x0000;Timeout error
3269;0;0;0x0000;Timeout error
3270;0;0;0x0000;Timeout error
3271;0;0;0x0000;Timeout error
3272;0;0;0x0000;Timeout error
3273;0;0;0x0000;Timeout error
3274;0;0;0x0000;Timeout error
3275;0;0;0x0000;Timeout error
3276;0;0;0x0000;Timeout error
3277;0;0;0x0000;Timeout error
3278;0;0;0x0000;Timeout error
3279;0;0;0x0000;Timeout error
3280;0;0;0x0000;Timeout error
3281;0;0;0x0000;Timeout error
3282;0;0;0x0000;Timeout error
3283;0;0;0x0000;Timeout error
3284;0;0;0x0000;Timeout error
3285;0;0;0x0000;Timeout error
3286;0;0;0x0000;Timeout error
3287;0;0;0x0000;Timeout error
3288;0;0;0x0000;Timeout error
3289;0;0;0x0000;Timeout error
3290;0;0;0x0000;Timeout error
3291;0;0;0x0000;Timeout error
3292;0;0;0x0000;Timeout error
3293;0;0;0x0000;Timeout error
3294;0;0;0x0000;Timeout error
3295;0;0;0x0000;Timeout error
3296;0;0;0x0000;Timeout error
3297;0;0;0x0000;Timeout error
3298;0;0;0x0000;Timeout error
3299;0;0;0x0000;Timeout error
3300;0;0;0x0000;Timeout error
3301;0;0;0x0000;Timeout error
3302;0;0;0x0000;Timeout error
3303;0;0;0x0000;Timeout error
3304;0;0;0x0000;Timeout error
3305;0;0;0x0000;Timeout error
3306;0;0;0x0000;Timeout error
3307;0;0;0x0000;Timeout error
3308;0;0;0x0000;Timeout error
3309;0;0;0x0000;Timeout error
3310;0;0;0x0000;Timeout error
3311;0;0;0x0000;Timeout error
3312;0;0;0x0000;Timeout error
3313;0;0;0x0000;Timeout error
3314;0;0;0x0000;Timeout error
3315;0;0;0x0000;Timeout error
3316;0;0;0x0000;Timeout error
3317;0;0;0x0000;Timeout error
3318;0;0;0x0000;Timeout error
3319;0;0;0x0000;Timeout error
3320;0;0;0x0000;Timeout error
3321;0;0;0x0000;Timeout error
3322;0;0;0x0000;Timeout error
3323;0;0;0x0000;Timeout error
3324;0;0;0x0000;Timeout error
3325;0;0;0x0000;Timeout error
3326;0;0;0x0000;Timeout error
3327;0;0;0x0000;Timeout error
3328;0;0;0x0000;Timeout error
3329;0;0;0x0000;Timeout error
3330;0;0;0x0000;Timeout error
3331;0;0;0x0000;Timeout error
3332;0;0;0x0000;Timeout error
3333;0;0;0x0000;Timeout error
3334;0;0;0x0000;Timeout error
3335;0;0;0x0000;Timeout error
3336;0;0;0x0000;Timeout error
3337;0;0;0x0000;Timeout error
3338;0;0;0x0000;Timeout error
3339;0;0;0x0000;Timeout error
3340;0;0;0x0000;Timeout error
3341;0;0;0x0000;Timeout error
3342;0;0;0x0000;Timeout error
3343;0;0;0x0000;Timeout error
3344;0;0;0x0000;Timeout error
3345;0;0;0x0000;Timeout error
3346;0;0;0x0000;Timeout error
3347;0;0;0x0000;Timeout error
3348;0;0;0x0000;Timeout error
3349;0;0;0x0000;Timeout error
3350;0;0;0x0000;Timeout error
3351;0;0;0x0000;Timeout error
3352;0;0;0x0000;Timeout error
3353;0;0;0x0000;Timeout error
3354;0;0;0x0000;Timeout error
3355;0;0;0x0000;Timeout error
3356;0;0;0x0000;Timeout error
3357;0;0;0x0000;Timeout error
3358;0;0;0x0000;Timeout error
3359;0;0;0x0000;Timeout error
3360;0;0;0x0000;Timeout error
3361;0;0;0x0000;Timeout error
3362;0;0;0x0000;Timeout error
3363;0;0;0x0000;Timeout error
3364;0;0;0x0000;Timeout error
3365;0;0;0x0000;Timeout error
3366;0;0;0x0000;Timeout error
3367;0;0;0x0000;Timeout error
3368;0;0;0x0000;Timeout error
3369;0;0;0x0000;Timeout error
3370;0;0;0x0000;Timeout error
3371;0;0;0x0000;Timeout error
3372;0;0;0x0000;Timeout error
3373;0;0;0x0000;Timeout error
3374;0;0;0x0000;Timeout error
3375;0;0;0x0000;Timeout error
3376;0;0;0x0000;Timeout error
3377;0;0;0x0000;Timeout error
3378;0;0;0x0000;Timeout error
3379;0;0;0x0000;Timeout error
3380;0;0;0x0000;Timeout error
3381;0;0;0x0000;Timeout error
3382;0;0;0x0000;Timeout error
3383;0;0;0x0000;Timeout error
3384;0;0;0x0000;Timeout error
3385;0;0;0x0000;Timeout error
3386;0;0;0x0000;Timeout error
3387;0;0;0x0000;Timeout error
3388;0;0;0x0000;Timeout error
3389;0;0;0x0000;Timeout error
3390;0;0;0x0000;Timeout error
3391;0;0;0x0000;Timeout error
3392;0;0;0x0000;Timeout error
3393;0;0;0x0000;Timeout error
3394;0;0;0x0000;Timeout error
3395;0;0;0x0000;Timeout error
3396;0;0;0x0000;Timeout error
3397;0;0;0x0000;Timeout error
3398;0;0;0x0000;Timeout error
3399;0;0;0x0000;Timeout error
3400;0;0;0x0000;Timeout error
3401;0;0;0x0000;Timeout error
3402;0;0;0x0000;Timeout error
3403;0;0;0x0000;Timeout error
3404;0;0;0x0000;Timeout error
3405;0;0;0x0000;Timeout error
3406;0;0;0x0000;Timeout error
3407;0;0;0x0000;Timeout error
3408;0;0;0x0000;Timeout error
3409;0;0;0x0000;Timeout error
3410;0;0;0x0000;Timeout error
3411;0;0;0x0000;Timeout error
3412;0;0;0x0000;Timeout error
3413;0;0;0x0000;Timeout error
3414;0;0;0x0000;Timeout error
3415;0;0;0x0000;Timeout error
3416;0;0;0x0000;Timeout error
3417;0;0;0x0000;Timeout error
3418;0;0;0x0000;Timeout error
3419;0;0;0x0000;Timeout error
3420;0;0;0x0000;Timeout error
3421;0;0;0x0000;Timeout error
3422;0;0;0x0000;Timeout error
3423;0;0;0x0000;Timeout error
3424;0;0;0x0000;Timeout error
3425;0;0;0x0000;Timeout error
3426;0;0;0x0000;Timeout error
3427;0;0;0x0000;Timeout error
3428;0;0;0x0000;Timeout error
3429;0;0;0x0000;Timeout error
3430;0;0;0x0000;Timeout error
3431;0;0;0x0000;Timeout error
3432;0;0;0x0000;Timeout error
3433;0;0;0x0000;Timeout error
3434;0;0;0x0000;Timeout error
3435;0;0;0x0000;Timeout error
3436;0;0;0x0000;Timeout error
3437;0;0;0x0000;Timeout error
3438;0;0;0x0000;Timeout error
3439;0;0;0x0000;Timeout error
3440;0;0;0x0000;Timeout error
3441;0;0;0x0000;Timeout error
3442;0;0;0x0000;Timeout error
3443;0;0;0x0000;Timeout error
3444;0;0;0x0000;Timeout error
3445;0;0;0x0000;Timeout error
3446;0;0;0x0000;Timeout error
3447;0;0;0x0000;Timeout error
3448;0;0;0x0000;Timeout error
3449;0;0;0x0000;Timeout error
3450;0;0;0x0000;Timeout error
3451;0;0;0x0000;Timeout error
3452;0;0;0x0000;Timeout error
3453;0;0;0x0000;Timeout error
3454;0;0;0x0000;Timeout error
3455;0;0;0x0000;Timeout error
3456;0;0;0x0000;Timeout error
3457;0;0;0x0000;Timeout error
3458;0;0;0x0000;Timeout error
3459;0;0;0x0000;Timeout error
3460;0;0;0x0000;Timeout error
3461;0;0;0x0000;Timeout error
3462;0;0;0x0000;Timeout error
3463;0;0;0x0000;Timeout error
3464;0;0;0x0000;Timeout error
3465;0;0;0x0000;Timeout error
3466;0;0;0x0000;Timeout error
3467;0;0;0x0000;Timeout error
3468;0;0;0x0000;Timeout error
3469;0;0;0x0000;Timeout error
3470;0;0;0x0000;Timeout error
3471;0;0;0x0000;Timeout error
3472;0;0;0x0000;Timeout error
3473;0;0;0x0000;Timeout error
3474;0;0;0x0000;Timeout error
3475;0;0;0x0000;Timeout error
3476;0;0;0x0000;Timeout error
3477;0;0;0x0000;Timeout error
3478;0;0;0x0000;Timeout error
3479;0;0;0x0000;Timeout error
3480;0;0;0x0000;Timeout error
3481;0;0;0x0000;Timeout error
3482;0;0;0x0000;Timeout error
3483;0;0;0x0000;Timeout error
3484;0;0;0x0000;Timeout error
3485;0;0;0x0000;Timeout error
3486;0;0;0x0000;Timeout error
3487;0;0;0x0000;Timeout error
3488;0;0;0x0000;Timeout error
3489;0;0;0x0000;Timeout error
3490;0;0;0x0000;Timeout error
3491;0;0;0x0000;Timeout error
3492;0;0;0x0000;Timeout error
3493;0;0;0x0000;Timeout error
3494;0;0;0x0000;Timeout error
3495;0;0;0x0000;Timeout error
3496;0;0;0x0000;Timeout error
3497;0;0;0x0000;Timeout error
3498;0;0;0x0000;Timeout error
3499;0;0;0x0000;Timeout error
3500;0;0;0x0000;Timeout error
3501;0;0;0x0000;Timeout error
3502;0;0;0x0000;Timeout error
3503;0;0;0x0000;Timeout error
3504;0;0;0x0000;Timeout error
3505;0;0;0x0000;Timeout error
3506;0;0;0x0000;Timeout error
3507;0;0;0x0000;Timeout error
3508;0;0;0x0000;Timeout error
3509;0;0;0x0000;Timeout error
3510;0;0;0x0000;Timeout error
3511;0;0;0x0000;Timeout error
3512;0;0;0x0000;Timeout error
3513;0;0;0x0000;Timeout error
3514;0;0;0x0000;Timeout error
3515;0;0;0x0000;Timeout error
3516;0;0;0x0000;Timeout error
3517;0;0;0x0000;Timeout error
3518;0;0;0x0000;Timeout error
3519;0;0;0x0000;Timeout error
3520;0;0;0x0000;Timeout error
3521;0;0;0x0000;Timeout error
3522;0;0;0x0000;Timeout error
3523;0;0;0x0000;Timeout error
3524;0;0;0x0000;Timeout error
3525;0;0;0x0000;Timeout error
3526;0;0;0x0000;Timeout error
3527;0;0;0x0000;Timeout error
3528;0;0;0x0000;Timeout error
3529;0;0;0x0000;Timeout error
3530;0;0;0x0000;Timeout error
3531;0;0;0x0000;Timeout error
3532;0;0;0x0000;Timeout error
3533;0;0;0x0000;Timeout error
3534;0;0;0x0000;Timeout error
3535;0;0;0x0000;Timeout error
3536;0;0;0x0000;Timeout error
3537;0;0;0x0000;Timeout error
3538;0;0;0x0000;Timeout error
3539;0;0;0x0000;Timeout error
3540;0;0;0x0000;Timeout error
3541;0;0;0x0000;Timeout error
3542;0;0;0x0000;Timeout error
3543;0;0;0x0000;Timeout error
3544;0;0;0x0000;Timeout error
3545;0;0;0x0000;Timeout error
3546;0;0;0x0000;Timeout error
3547;0;0;0x0000;Timeout error
3548;0;0;0x0000;Timeout error
3549;0;0;0x0000;Timeout error
3550;0;0;0x0000;Timeout error
3551;0;0;0x0000;Timeout error
3552;0;0;0x0000;Timeout error
3553;0;0;0x0000;Timeout error
3554;0;0;0x0000;Timeout error
3555;0;0;0x0000;Timeout error
3556;0;0;0x0000;Timeout error
3557;0;0;0x0000;Timeout error
3558;0;0;0x0000;Timeout error
3559;0;0;0x0000;Timeout error
3560;0;0;0x0000;Timeout error
3561;0;0;0x0000;Timeout error
3562;0;0;0x0000;Timeout error
3563;0;0;0x0000;Timeout error
3564;0;0;0x0000;Timeout error
3565;0;0;0x0000;Timeout error
3566;0;0;0x0000;Timeout error
3567;0;0;0x0000;Timeout error
3568;0;0;0x0000;Timeout error
3569;0;0;0x0000;Timeout error
3570;0;0;0x0000;Timeout error
3571;0;0;0x0000;Timeout error
3572;0;0;0x0000;Timeout error
3573;0;0;0x0000;Timeout error
3574;0;0;0x0000;Timeout error
3575;0;0;0x0000;Timeout error
3576;0;0;0x0000;Timeout error
3577;0;0;0x0000;Timeout error
3578;0;0;0x0000;Timeout error
3579;0;0;0x0000;Timeout error
3580;0;0;0x0000;Timeout error
3581;0;0;0x0000;Timeout error
3582;0;0;0x0000;Timeout error
3583;0;0;0x0000;Timeout error
3584;0;0;0x0000;Timeout error
3585;0;0;0x0000;Timeout error
3586;0;0;0x0000;Timeout error
3587;0;0;0x0000;Timeout error
3588;0;0;0x0000;Timeout error
3589;0;0;0x0000;Timeout error
3590;0;0;0x0000;Timeout error
3591;0;0;0x0000;Timeout error
3592;0;0;0x0000;Timeout error
3593;0;0;0x0000;Timeout error
3594;0;0;0x0000;Timeout error
3595;0;0;0x0000;Timeout error
3596;0;0;0x0000;Timeout error
3597;0;0;0x0000;Timeout error
3598;0;0;0x0000;Timeout error
3599;0;0;0x0000;Timeout error
3600;0;0;0x0000;Timeout error
3601;0;0;0x0000;Timeout error
3602;0;0;0x0000;Timeout error
3603;0;0;0x0000;Timeout error
3604;0;0;0x0000;Timeout error
3605;0;0;0x0000;Timeout error
3606;0;0;0x0000;Timeout error
3607;0;0;0x0000;Timeout error
3608;0;0;0x0000;Timeout error
3609;0;0;0x0000;Timeout error
3610;0;0;0x0000;Timeout error
3611;0;0;0x0000;Timeout error
3612;0;0;0x0000;Timeout error
3613;0;0;0x0000;Timeout error
3614;0;0;0x0000;Timeout error
3615;0;0;0x0000;Timeout error
3616;0;0;0x0000;Timeout error
3617;0;0;0x0000;Timeout error
3618;0;0;0x0000;Timeout error
3619;0;0;0x0000;Timeout error
3620;0;0;0x0000;Timeout error
3621;0;0;0x0000;Timeout error
3622;0;0;0x0000;Timeout error
3623;0;0;0x0000;Timeout error
3624;0;0;0x0000;Timeout error
3625;0;0;0x0000;Timeout error
3626;0;0;0x0000;Timeout error
3627;0;0;0x0000;Timeout error
3628;0;0;0x0000;Timeout error
3629;0;0;0x0000;Timeout error
3630;0;0;0x0000;Timeout error
3631;0;0;0x0000;Timeout error
3632;0;0;0x0000;Timeout error
3633;0;0;0x0000;Timeout error
3634;0;0;0x0000;Timeout error
3635;0;0;0x0000;Timeout error
3636;0;0;0x0000;Timeout error
3637;0;0;0x0000;Timeout error
3638;0;0;0x0000;Timeout error
3639;0;0;0x0000;Timeout error
3640;0;0;0x0000;Timeout error
3641;0;0;0x0000;Timeout error
3642;0;0;0x0000;Timeout error
3643;0;0;0x0000;Timeout error
3644;0;0;0x0000;Timeout error
3645;0;0;0x0000;Timeout error
3646;0;0;0x0000;Timeout error
3647;0;0;0x0000;Timeout error
3648;0;0;0x0000;Timeout error
3649;0;0;0x0000;Timeout error
3650;0;0;0x0000;Timeout error
3651;0;0;0x0000;Timeout error
3652;0;0;0x0000;Timeout error
3653;0;0;0x0000;Timeout error
3654;0;0;0x0000;Timeout error
3655;0;0;0x0000;Timeout error
3656;0;0;0x0000;Timeout error
3657;0;0;0x0000;Timeout error
3658;0;0;0x0000;Timeout error
3659;0;0;0x0000;Timeout error
3660;0;0;0x0000;Timeout error
3661;0;0;0x0000;Timeout error
3662;0;0;0x0000;Timeout error
3663;0;0;0x0000;Timeout error
3664;0;0;0x0000;Timeout error
3665;0;0;0x0000;Timeout error
3666;0;0;0x0000;Timeout error
3667;0;0;0x0000;Timeout error
3668;0;0;0x0000;Timeout error
3669;0;0;0x0000;Timeout error
3670;0;0;0x0000;Timeout error
3671;0;0;0x0000;Timeout error
3672;0;0;0x0000;Timeout error
3673;0;0;0x0000;Timeout error
3674;0;0;0x0000;Timeout error
3675;0;0;0x0000;Timeout error
3676;0;0;0x0000;Timeout error
3677;0;0;0x0000;Timeout error
3678;0;0;0x0000;Timeout error
3679;0;0;0x0000;Timeout error
3680;0;0;0x0000;Timeout error
3681;0;0;0x0000;Timeout error
3682;0;0;0x0000;Timeout error
3683;0;0;0x0000;Timeout error
3684;0;0;0x0000;Timeout error
3685;0;0;0x0000;Timeout error
3686;0;0;0x0000;Timeout error
3687;0;0;0x0000;Timeout error
3688;0;0;0x0000;Timeout error
3689;0;0;0x0000;Timeout error
3690;0;0;0x0000;Timeout error
3691;0;0;0x0000;Timeout error
3692;0;0;0x0000;Timeout error
3693;0;0;0x0000;Timeout error
3694;0;0;0x0000;Timeout error
3695;0;0;0x0000;Timeout error
3696;0;0;0x0000;Timeout error
3697;0;0;0x0000;Timeout error
3698;0;0;0x0000;Timeout error
3699;0;0;0x0000;Timeout error
3700;0;0;0x0000;Timeout error
3701;0;0;0x0000;Timeout error
3702;0;0;0x0000;Timeout error
3703;0;0;0x0000;Timeout error
3704;0;0;0x0000;Timeout error
3705;0;0;0x0000;Timeout error
3706;0;0;0x0000;Timeout error
3707;0;0;0x0000;Timeout error
3708;0;0;0x0000;Timeout error
3709;0;0;0x0000;Timeout error
3710;0;0;0x0000;Timeout error
3711;0;0;0x0000;Timeout error
3712;0;0;0x0000;Timeout error
3713;0;0;0x0000;Timeout error
3714;0;0;0x0000;Timeout error
3715;0;0;0x0000;Timeout error
3716;0;0;0x0000;Timeout error
3717;0;0;0x0000;Timeout error
3718;0;0;0x0000;Timeout error
3719;0;0;0x0000;Timeout error
3720;0;0;0x0000;Timeout error
3721;0;0;0x0000;Timeout error
3722;0;0;0x0000;Timeout error
3723;0;0;0x0000;Timeout error
3724;0;0;0x0000;Timeout error
3725;0;0;0x0000;Timeout error
3726;0;0;0x0000;Timeout error
3727;0;0;0x0000;Timeout error
3728;0;0;0x0000;Timeout error
3729;0;0;0x0000;Timeout error
3730;0;0;0x0000;Timeout error
3731;0;0;0x0000;Timeout error
3732;0;0;0x0000;Timeout error
3733;0;0;0x0000;Timeout error
3734;0;0;0x0000;Timeout error
3735;0;0;0x0000;Timeout error
3736;0;0;0x0000;Timeout error
3737;0;0;0x0000;Timeout error
3738;0;0;0x0000;Timeout error
3739;0;0;0x0000;Timeout error
3740;0;0;0x0000;Timeout error
3741;0;0;0x0000;Timeout error
3742;0;0;0x0000;Timeout error
3743;0;0;0x0000;Timeout error
3744;0;0;0x0000;Timeout error
3745;0;0;0x0000;Timeout error
3746;0;0;0x0000;Timeout error
3747;0;0;0x0000;Timeout error
3748;0;0;0x0000;Timeout error
3749;0;0;0x0000;Timeout error
3750;0;0;0x0000;Timeout error
3751;0;0;0x0000;Timeout error
3752;0;0;0x0000;Timeout error
3753;0;0;0x0000;Timeout error
3754;0;0;0x0000;Timeout error
3755;0;0;0x0000;Timeout error
3756;0;0;0x0000;Timeout error
3757;0;0;0x0000;Timeout error
3758;0;0;0x0000;Timeout error
3759;0;0;0x0000;Timeout error
3760;0;0;0x0000;Timeout error
3761;0;0;0x0000;Timeout error
3762;0;0;0x0000;Timeout error
3763;0;0;0x0000;Timeout error
3764;0;0;0x0000;Timeout error
3765;0;0;0x0000;Timeout error
3766;0;0;0x0000;Timeout error
3767;0;0;0x0000;Timeout error
3768;0;0;0x0000;Timeout error
3769;0;0;0x0000;Timeout error
3770;0;0;0x0000;Timeout error
3771;0;0;0x0000;Timeout error
3772;0;0;0x0000;Timeout error
3773;0;0;0x0000;Timeout error
3774;0;0;0x0000;Timeout error
3775;0;0;0x0000;Timeout error
3776;0;0;0x0000;Timeout error
3777;0;0;0x0000;Timeout error
3778;0;0;0x0000;Timeout error
3779;0;0;0x0000;Timeout error
3780;0;0;0x0000;Timeout error
3781;0;0;0x0000;Timeout error
3782;0;0;0x0000;Timeout error
3783;0;0;0x0000;Timeout error
3784;0;0;0x0000;Timeout error
3785;0;0;0x0000;Timeout error
3786;0;0;0x0000;Timeout error
3787;0;0;0x0000;Timeout error
3788;0;0;0x0000;Timeout error
3789;0;0;0x0000;Timeout error
3790;0;0;0x0000;Timeout error
3791;0;0;0x0000;Timeout error
3792;0;0;0x0000;Timeout error
3793;0;0;0x0000;Timeout error
3794;0;0;0x0000;Timeout error
3795;0;0;0x0000;Timeout error
3796;0;0;0x0000;Timeout error
3797;0;0;0x0000;Timeout error
3798;0;0;0x0000;Timeout error
3799;0;0;0x0000;Timeout error
3800;0;0;0x0000;Timeout error
3801;0;0;0x0000;Timeout error
3802;0;0;0x0000;Timeout error
3803;0;0;0x0000;Timeout error
3804;0;0;0x0000;Timeout error
3805;0;0;0x0000;Timeout error
3806;0;0;0x0000;Timeout error
3807;0;0;0x0000;Timeout error
3808;0;0;0x0000;Timeout error
3809;0;0;0x0000;Timeout error
3810;0;0;0x0000;Timeout error
3811;0;0;0x0000;Timeout error
3812;0;0;0x0000;Timeout error
3813;0;0;0x0000;Timeout error
3814;0;0;0x0000;Timeout error
3815;0;0;0x0000;Timeout error
3816;0;0;0x0000;Timeout error
3817;0;0;0x0000;Timeout error
3818;0;0;0x0000;Timeout error
3819;0;0;0x0000;Timeout error
3820;0;0;0x0000;Timeout error
3821;0;0;0x0000;Timeout error
3822;0;0;0x0000;Timeout error
3823;0;0;0x0000;Timeout error
3824;0;0;0x0000;Timeout error
3825;0;0;0x0000;Timeout error
3826;0;0;0x0000;Timeout error
3827;0;0;0x0000;Timeout error
3828;0;0;0x0000;Timeout error
3829;0;0;0x0000;Timeout error
3830;0;0;0x0000;Timeout error
3831;0;0;0x0000;Timeout error
3832;0;0;0x0000;Timeout error
3833;0;0;0x0000;Timeout error
3834;0;0;0x0000;Timeout error
3835;0;0;0x0000;Timeout error
3836;0;0;0x0000;Timeout error
3837;0;0;0x0000;Timeout error
3838;0;0;0x0000;Timeout error
3839;0;0;0x0000;Timeout error
3840;0;0;0x0000;Timeout error
3841;0;0;0x0000;Timeout error
3842;0;0;0x0000;Timeout error
3843;0;0;0x0000;Timeout error
3844;0;0;0x0000;Timeout error
3845;0;0;0x0000;Timeout error
3846;0;0;0x0000;Timeout error
3847;0;0;0x0000;Timeout error
3848;0;0;0x0000;Timeout error
3849;0;0;0x0000;Timeout error
3850;0;0;0x0000;Timeout error
3851;0;0;0x0000;Timeout error
3852;0;0;0x0000;Timeout error
3853;0;0;0x0000;Timeout error
3854;0;0;0x0000;Timeout error
3855;0;0;0x0000;Timeout error
3856;0;0;0x0000;Timeout error
3857;0;0;0x0000;Timeout error
3858;0;0;0x0000;Timeout error
3859;0;0;0x0000;Timeout error
3860;0;0;0x0000;Timeout error
3861;0;0;0x0000;Timeout error
3862;0;0;0x0000;Timeout error
3863;0;0;0x0000;Timeout error
3864;0;0;0x0000;Timeout error
3865;0;0;0x0000;Timeout error
3866;0;0;0x0000;Timeout error
3867;0;0;0x0000;Timeout error
3868;0;0;0x0000;Timeout error
3869;0;0;0x0000;Timeout error
3870;0;0;0x0000;Timeout error
3871;0;0;0x0000;Timeout error
3872;0;0;0x0000;Timeout error
3873;0;0;0x0000;Timeout error
3874;0;0;0x0000;Timeout error
3875;0;0;0x0000;Timeout error
3876;0;0;0x0000;Timeout error
3877;0;0;0x0000;Timeout error
3878;0;0;0x0000;Timeout error
3879;0;0;0x0000;Timeout error
3880;0;0;0x0000;Timeout error
3881;0;0;0x0000;Timeout error
3882;0;0;0x0000;Timeout error
3883;0;0;0x0000;Timeout error
3884;0;0;0x0000;Timeout error
3885;0;0;0x0000;Timeout error
3886;0;0;0x0000;Timeout error
3887;0;0;0x0000;Timeout error
3888;0;0;0x0000;Timeout error
3889;0;0;0x0000;Timeout error
3890;0;0;0x0000;Timeout error
3891;0;0;0x0000;Timeout error
3892;0;0;0x0000;Timeout error
3893;0;0;0x0000;Timeout error
3894;0;0;0x0000;Timeout error
3895;0;0;0x0000;Timeout error
3896;0;0;0x0000;Timeout error
3897;0;0;0x0000;Timeout error
3898;0;0;0x0000;Timeout error
3899;0;0;0x0000;Timeout error
3900;0;0;0x0000;Timeout error
3901;0;0;0x0000;Timeout error
3902;0;0;0x0000;Timeout error
3903;0;0;0x0000;Timeout error
3904;0;0;0x0000;Timeout error
3905;0;0;0x0000;Timeout error
3906;0;0;0x0000;Timeout error
3907;0;0;0x0000;Timeout error
3908;0;0;0x0000;Timeout error
3909;0;0;0x0000;Timeout error
3910;0;0;0x0000;Timeout error
3911;0;0;0x0000;Timeout error
3912;0;0;0x0000;Timeout error
3913;0;0;0x0000;Timeout error
3914;0;0;0x0000;Timeout error
3915;0;0;0x0000;Timeout error
3916;0;0;0x0000;Timeout error
3917;0;0;0x0000;Timeout error
3918;0;0;0x0000;Timeout error
3919;0;0;0x0000;Timeout error
3920;0;0;0x0000;Timeout error
3921;0;0;0x0000;Timeout error
3922;0;0;0x0000;Timeout error
3923;0;0;0x0000;Timeout error
3924;0;0;0x0000;Timeout error
3925;0;0;0x0000;Timeout error
3926;0;0;0x0000;Timeout error
3927;0;0;0x0000;Timeout error
3928;0;0;0x0000;Timeout error
3929;0;0;0x0000;Timeout error
3930;0;0;0x0000;Timeout error
3931;0;0;0x0000;Timeout error
3932;0;0;0x0000;Timeout error
3933;0;0;0x0000;Timeout error
3934;0;0;0x0000;Timeout error
3935;0;0;0x0000;Timeout error
3936;0;0;0x0000;Timeout error
3937;0;0;0x0000;Timeout error
3938;0;0;0x0000;Timeout error
3939;0;0;0x0000;Timeout error
3940;0;0;0x0000;Timeout error
3941;0;0;0x0000;Timeout error
3942;0;0;0x0000;Timeout error
3943;0;0;0x0000;Timeout error
3944;0;0;0x0000;Timeout error
3945;0;0;0x0000;Timeout error
3946;0;0;0x0000;Timeout error
3947;0;0;0x0000;Timeout error
3948;0;0;0x0000;Timeout error
3949;0;0;0x0000;Timeout error
3950;0;0;0x0000;Timeout error
3951;0;0;0x0000;Timeout error
3952;0;0;0x0000;Timeout error
3953;0;0;0x0000;Timeout error
3954;0;0;0x0000;Timeout error
3955;0;0;0x0000;Timeout error
3956;0;0;0x0000;Timeout error
3957;0;0;0x0000;Timeout error
3958;0;0;0x0000;Timeout error
3959;0;0;0x0000;Timeout error
3960;0;0;0x0000;Timeout error
3961;0;0;0x0000;Timeout error
3962;0;0;0x0000;Timeout error
3963;0;0;0x0000;Timeout error
3964;0;0;0x0000;Timeout error
3965;0;0;0x0000;Timeout error
3966;0;0;0x0000;Timeout error
3967;0;0;0x0000;Timeout error
3968;0;0;0x0000;Timeout error
3969;0;0;0x0000;Timeout error
3970;0;0;0x0000;Timeout error
3971;0;0;0x0000;Timeout error
3972;0;0;0x0000;Timeout error
3973;0;0;0x0000;Timeout error
3974;0;0;0x0000;Timeout error
3975;0;0;0x0000;Timeout error
3976;0;0;0x0000;Timeout error
3977;0;0;0x0000;Timeout error
3978;0;0;0x0000;Timeout error
3979;0;0;0x0000;Timeout error
3980;0;0;0x0000;Timeout error
3981;0;0;0x0000;Timeout error
3982;0;0;0x0000;Timeout error
3983;0;0;0x0000;Timeout error
3984;0;0;0x0000;Timeout error
3985;0;0;0x0000;Timeout error
3986;0;0;0x0000;Timeout error
3987;0;0;0x0000;Timeout error
3988;0;0;0x0000;Timeout error
3989;0;0;0x0000;Timeout error
3990;0;0;0x0000;Timeout error
3991;0;0;0x0000;Timeout error
3992;0;0;0x0000;Timeout error
3993;0;0;0x0000;Timeout error
3994;0;0;0x0000;Timeout error
3995;0;0;0x0000;Timeout error
3996;0;0;0x0000;Timeout error
3997;0;0;0x0000;Timeout error
3998;0;0;0x0000;Timeout error
3999;0;0;0x0000;Timeout error
4000;0;0;0x0000;Timeout error
4001;0;0;0x0000;Timeout error
4002;0;0;0x0000;Timeout error
4003;0;0;0x0000;Timeout error
4004;0;0;0x0000;Timeout error
4005;0;0;0x0000;Timeout error
4006;0;0;0x0000;Timeout error
4007;0;0;0x0000;Timeout error
4008;0;0;0x0000;Timeout error
4009;0;0;0x0000;Timeout error
4010;0;0;0x0000;Timeout error
4011;0;0;0x0000;Timeout error
4012;0;0;0x0000;Timeout error
4013;0;0;0x0000;Timeout error
4014;0;0;0x0000;Timeout error
4015;0;0;0x0000;Timeout error
4016;0;0;0x0000;Timeout error
4017;0;0;0x0000;Timeout error
4018;0;0;0x0000;Timeout error
4019;0;0;0x0000;Timeout error
4020;0;0;0x0000;Timeout error
4021;0;0;0x0000;Timeout error
4022;0;0;0x0000;Timeout error
4023;0;0;0x0000;Timeout error
4024;0;0;0x0000;Timeout error
4025;0;0;0x0000;Timeout error
4026;0;0;0x0000;Timeout error
4027;0;0;0x0000;Timeout error
4028;0;0;0x0000;Timeout error
4029;0;0;0x0000;Timeout error
4030;0;0;0x0000;Timeout error
4031;0;0;0x0000;Timeout error
4032;0;0;0x0000;Timeout error
4033;0;0;0x0000;Timeout error
4034;0;0;0x0000;Timeout error
4035;0;0;0x0000;Timeout error
4036;0;0;0x0000;Timeout error
4037;0;0;0x0000;Timeout error
4038;0;0;0x0000;Timeout error
4039;0;0;0x0000;Timeout error
4040;0;0;0x0000;Timeout error
4041;0;0;0x0000;Timeout error
4042;0;0;0x0000;Timeout error
4043;0;0;0x0000;Timeout error
4044;0;0;0x0000;Timeout error
4045;0;0;0x0000;Timeout error
4046;0;0;0x0000;Timeout error
4047;0;0;0x0000;Timeout error
4048;0;0;0x0000;Timeout error
4049;0;0;0x0000;Timeout error
4050;0;0;0x0000;Timeout error
4051;0;0;0x0000;Timeout error
4052;0;0;0x0000;Timeout error
4053;0;0;0x0000;Timeout error
4054;0;0;0x0000;Timeout error
4055;0;0;0x0000;Timeout error
4056;0;0;0x0000;Timeout error
4057;0;0;0x0000;Timeout error
4058;0;0;0x0000;Timeout error
4059;0;0;0x0000;Timeout error
4060;0;0;0x0000;Timeout error
4061;0;0;0x0000;Timeout error
4062;0;0;0x0000;Timeout error
4063;0;0;0x0000;Timeout error
4064;0;0;0x0000;Timeout error
4065;0;0;0x0000;Timeout error
4066;0;0;0x0000;Timeout error
4067;0;0;0x0000;Timeout error
4068;0;0;0x0000;Timeout error
4069;0;0;0x0000;Timeout error
4070;0;0;0x0000;Timeout error
4071;0;0;0x0000;Timeout error
4072;0;0;0x0000;Timeout error
4073;0;0;0x0000;Timeout error
4074;0;0;0x0000;Timeout error
4075;0;0;0x0000;Timeout error
4076;0;0;0x0000;Timeout error
4077;0;0;0x0000;Timeout error
4078;0;0;0x0000;Timeout error
4079;0;0;0x0000;Timeout error
4080;0;0;0x0000;Timeout error
4081;0;0;0x0000;Timeout error
4082;0;0;0x0000;Timeout error
4083;0;0;0x0000;Timeout error
4084;0;0;0x0000;Timeout error
4085;0;0;0x0000;Timeout error
4086;0;0;0x0000;Timeout error
4087;0;0;0x0000;Timeout error
4088;0;0;0x0000;Timeout error
4089;0;0;0x0000;Timeout error
4090;0;0;0x0000;Timeout error
4091;0;0;0x0000;Timeout error
4092;0;0;0x0000;Timeout error
4093;0;0;0x0000;Timeout error
4094;0;0;0x0000;Timeout error
4095;0;0;0x0000;Timeout error
4096;0;0;0x0000;Timeout error
4097;0;0;0x0000;Timeout error
4098;0;0;0x0000;Timeout error
4099;0;0;0x0000;Timeout error
4100;0;0;0x0000;Timeout error
4101;0;0;0x0000;Timeout error
4102;0;0;0x0000;Timeout error
4103;0;0;0x0000;Timeout error
4104;0;0;0x0000;Timeout error
4105;0;0;0x0000;Timeout error
4106;0;0;0x0000;Timeout error
4107;0;0;0x0000;Timeout error
4108;0;0;0x0000;Timeout error
4109;0;0;0x0000;Timeout error
4110;0;0;0x0000;Timeout error
4111;0;0;0x0000;Timeout error
4112;0;0;0x0000;Timeout error
4113;0;0;0x0000;Timeout error
4114;0;0;0x0000;Timeout error
4115;0;0;0x0000;Timeout error
4116;0;0;0x0000;Timeout error
4117;0;0;0x0000;Timeout error
4118;0;0;0x0000;Timeout error
4119;0;0;0x0000;Timeout error
4120;0;0;0x0000;Timeout error
4121;0;0;0x0000;Timeout error
4122;0;0;0x0000;Timeout error
4123;0;0;0x0000;Timeout error
4124;0;0;0x0000;Timeout error
4125;0;0;0x0000;Timeout error
4126;0;0;0x0000;Timeout error
4127;0;0;0x0000;Timeout error
4128;0;0;0x0000;Timeout error
4129;0;0;0x0000;Timeout error
4130;0;0;0x0000;Timeout error
4131;0;0;0x0000;Timeout error
4132;0;0;0x0000;Timeout error
4133;0;0;0x0000;Timeout error
4134;0;0;0x0000;Timeout error
4135;0;0;0x0000;Timeout error
4136;0;0;0x0000;Timeout error
4137;0;0;0x0000;Timeout error
4138;0;0;0x0000;Timeout error
4139;0;0;0x0000;Timeout error
4140;0;0;0x0000;Timeout error
4141;0;0;0x0000;Timeout error
4142;0;0;0x0000;Timeout error
4143;0;0;0x0000;Timeout error
4144;0;0;0x0000;Timeout error
4145;0;0;0x0000;Timeout error
4146;0;0;0x0000;Timeout error
4147;0;0;0x0000;Timeout error
4148;0;0;0x0000;Timeout error
4149;0;0;0x0000;Timeout error
4150;0;0;0x0000;Timeout error
4151;0;0;0x0000;Timeout error
4152;0;0;0x0000;Timeout error
4153;0;0;0x0000;Timeout error
4154;0;0;0x0000;Timeout error
4155;0;0;0x0000;Timeout error
4156;0;0;0x0000;Timeout error
4157;0;0;0x0000;Timeout error
4158;0;0;0x0000;Timeout error
4159;0;0;0x0000;Timeout error
4160;0;0;0x0000;Timeout error
4161;0;0;0x0000;Timeout error
4162;0;0;0x0000;Timeout error
4163;0;0;0x0000;Timeout error
4164;0;0;0x0000;Timeout error
4165;0;0;0x0000;Timeout error
4166;0;0;0x0000;Timeout error
4167;0;0;0x0000;Timeout error
4168;0;0;0x0000;Timeout error
4169;0;0;0x0000;Timeout error
4170;0;0;0x0000;Timeout error
4171;0;0;0x0000;Timeout error
4172;0;0;0x0000;Timeout error
4173;0;0;0x0000;Timeout error
4174;0;0;0x0000;Timeout error
4175;0;0;0x0000;Timeout error
4176;0;0;0x0000;Timeout error
4177;0;0;0x0000;Timeout error
4178;0;0;0x0000;Timeout error
4179;0;0;0x0000;Timeout error
4180;0;0;0x0000;Timeout error
4181;0;0;0x0000;Timeout error
4182;0;0;0x0000;Timeout error
4183;0;0;0x0000;Timeout error
4184;0;0;0x0000;Timeout error
4185;0;0;0x0000;Timeout error
4186;0;0;0x0000;Timeout error
4187;0;0;0x0000;Timeout error
4188;0;0;0x0000;Timeout error
4189;0;0;0x0000;Timeout error
4190;0;0;0x0000;Timeout error
4191;0;0;0x0000;Timeout error
4192;0;0;0x0000;Timeout error
4193;0;0;0x0000;Timeout error
4194;0;0;0x0000;Timeout error
4195;0;0;0x0000;Timeout error
4196;0;0;0x0000;Timeout error
4197;0;0;0x0000;Timeout error
4198;0;0;0x0000;Timeout error
4199;0;0;0x0000;Timeout error
4200;0;0;0x0000;Timeout error
4201;0;0;0x0000;Timeout error
4202;0;0;0x0000;Timeout error
4203;0;0;0x0000;Timeout error
4204;0;0;0x0000;Timeout error
4205;0;0;0x0000;Timeout error
4206;0;0;0x0000;Timeout error
4207;0;0;0x0000;Timeout error
4208;0;0;0x0000;Timeout error
4209;0;0;0x0000;Timeout error
4210;0;0;0x0000;Timeout error
4211;0;0;0x0000;Timeout error
4212;0;0;0x0000;Timeout error
4213;0;0;0x0000;Timeout error
4214;0;0;0x0000;Timeout error
4215;0;0;0x0000;Timeout error
4216;0;0;0x0000;Timeout error
4217;0;0;0x0000;Timeout error
4218;0;0;0x0000;Timeout error
4219;0;0;0x0000;Timeout error
4220;0;0;0x0000;Timeout error
4221;0;0;0x0000;Timeout error
4222;0;0;0x0000;Timeout error
4223;0;0;0x0000;Timeout error
4224;0;0;0x0000;Timeout error
4225;0;0;0x0000;Timeout error
4226;0;0;0x0000;Timeout error
4227;0;0;0x0000;Timeout error
4228;0;0;0x0000;Timeout error
4229;0;0;0x0000;Timeout error
4230;0;0;0x0000;Timeout error
4231;0;0;0x0000;Timeout error
4232;0;0;0x0000;Timeout error
4233;0;0;0x0000;Timeout error
4234;0;0;0x0000;Timeout error
4235;0;0;0x0000;Timeout error
4236;0;0;0x0000;Timeout error
4237;0;0;0x0000;Timeout error
4238;0;0;0x0000;Timeout error
4239;0;0;0x0000;Timeout error
4240;0;0;0x0000;Timeout error
4241;0;0;0x0000;Timeout error
4242;0;0;0x0000;Timeout error
4243;0;0;0x0000;Timeout error
4244;0;0;0x0000;Timeout error
4245;0;0;0x0000;Timeout error
4246;0;0;0x0000;Timeout error
4247;0;0;0x0000;Timeout error
4248;0;0;0x0000;Timeout error
4249;0;0;0x0000;Timeout error
4250;0;0;0x0000;Timeout error
4251;0;0;0x0000;Timeout error
4252;0;0;0x0000;Timeout error
4253;0;0;0x0000;Timeout error
4254;0;0;0x0000;Timeout error
4255;0;0;0x0000;Timeout error
4256;0;0;0x0000;Timeout error
4257;0;0;0x0000;Timeout error
4258;0;0;0x0000;Timeout error
4259;0;0;0x0000;Timeout error
4260;0;0;0x0000;Timeout error
4261;0;0;0x0000;Timeout error
4262;0;0;0x0000;Timeout error
4263;0;0;0x0000;Timeout error
4264;0;0;0x0000;Timeout error
4265;0;0;0x0000;Timeout error
4266;0;0;0x0000;Timeout error
4267;0;0;0x0000;Timeout error
4268;0;0;0x0000;Timeout error
4269;0;0;0x0000;Timeout error
4270;0;0;0x0000;Timeout error
4271;0;0;0x0000;Timeout error
4272;0;0;0x0000;Timeout error
4273;0;0;0x0000;Timeout error
4274;0;0;0x0000;Timeout error
4275;0;0;0x0000;Timeout error
4276;0;0;0x0000;Timeout error
4277;0;0;0x0000;Timeout error
4278;0;0;0x0000;Timeout error
4279;0;0;0x0000;Timeout error
4280;0;0;0x0000;Timeout error
4281;0;0;0x0000;Timeout error
4282;0;0;0x0000;Timeout error
4283;0;0;0x0000;Timeout error
4284;0;0;0x0000;Timeout error
4285;0;0;0x0000;Timeout error
4286;0;0;0x0000;Timeout error
4287;0;0;0x0000;Timeout error
4288;0;0;0x0000;Timeout error
4289;0;0;0x0000;Timeout error
4290;0;0;0x0000;Timeout error
4291;0;0;0x0000;Timeout error
4292;0;0;0x0000;Timeout error
4293;0;0;0x0000;Timeout error
4294;0;0;0x0000;Timeout error
4295;0;0;0x0000;Timeout error
4296;0;0;0x0000;Timeout error
4297;0;0;0x0000;Timeout error
4298;0;0;0x0000;Timeout error
4299;0;0;0x0000;Timeout error
